原序号,原ID,套题,决定,合并到,理由,原题,原答案,新题,新答案
1.1,452a82fad6cb0c,Functional groups & linkages,保留,,保留独立学习目标；题干明确，答案简短。,Identify the linkage R–C(=O)–O–R′.,Ester.,Identify the linkage R–C(=O)–O–R′.,Ester.
1.2,0f8fb207df12bc,Functional groups & linkages,保留,,保留独立学习目标；题干明确，答案简短。,"In a structural formula, what does R usually represent?",An unspecified organic group or the rest of the molecule.,"In a structural formula, what does R usually represent?",An unspecified organic group or the rest of the molecule.
1.3,110c8d1ef82b3d,Functional groups & linkages,保留,,保留独立学习目标；题干明确，答案简短。,"In R–C(=O)–O–R′, what do the parentheses mean?",The carbon is double-bonded to the oxygen inside the parentheses.,"In R–C(=O)–O–R′, what do the parentheses mean?",The carbon is double-bonded to the oxygen inside the parentheses.
1.4,41831ba6d3698c,Functional groups & linkages,保留,,保留独立学习目标；题干明确，答案简短。,Which functional group is –OH when attached to a carbon outside a carboxyl group?,Hydroxyl group.,Which functional group is –OH when attached to a carbon outside a carboxyl group?,Hydroxyl group.
1.5,f8d1e72f4e060d,Functional groups & linkages,合并,1.4,与目标卡需要的知识相同；合并正反问法、同义定义或重复实例。,Write the structural shorthand for a hydroxyl group.,–OH.,,
1.6,8118c7c05102c3,Functional groups & linkages,合并,1.45,与目标卡需要的知识相同；合并正反问法、同义定义或重复实例。,What property does a hydroxyl group usually add to a carbon-containing region?,"Polarity, allowing favorable interactions with water.",,
1.7,c9e292d10b7ff8,Functional groups & linkages,合并,1.45,与目标卡需要的知识相同；合并正反问法、同义定义或重复实例。,How can a hydroxyl group interact with water?,By forming hydrogen bonds.,,
1.8,5d997636f1e38b,Functional groups & linkages,保留,,保留独立学习目标；题干明确，答案简短。,Is an ordinary alcohol –OH group charged as drawn?,No; it is polar but uncharged.,Is an ordinary alcohol –OH group charged as drawn?,No; it is polar but uncharged.
1.9,900a2d038c6eca,Functional groups & linkages,保留,,保留独立学习目标；题干明确，答案简短。,Which functional group appears repeatedly on a typical sugar?,Hydroxyl.,Which functional group appears repeatedly on a typical sugar?,Hydroxyl.
1.10,07834241b2c32b,Functional groups & linkages,合并,1.69,与目标卡需要的知识相同；合并正反问法、同义定义或重复实例。,Which functional group on glycerol reacts with a fatty acid?,A hydroxyl group.,,
1.11,f14cc9bae4ae20,Functional groups & linkages,保留,,保留独立学习目标；题干明确，答案简短。,Identify the group in R–C(=O)–OH.,Carboxyl group.,Identify the group in R–C(=O)–OH.,Carboxyl group.
1.12,1819832b4f5b0d,Functional groups & linkages,合并,1.13,与目标卡需要的知识相同；合并正反问法、同义定义或重复实例。,Write the two course-relevant forms of a carboxyl group.,–COOH and –COO⁻.,,
1.13,109097e6f4e634,Functional groups & linkages,重写,,把电荷辨认和酸性机制合为一个因果问题。,What happens to –COOH when it donates H⁺?,It becomes –COO⁻.,Why does a carboxyl group become negatively charged after donating H⁺?,"It loses H⁺ but retains the bonding electrons, forming carboxylate (–COO⁻)."
1.14,70a31ce41d6bed,Functional groups & linkages,合并,1.13,与目标卡需要的知识相同；合并正反问法、同义定义或重复实例。,Why can a carboxyl group acquire a negative charge?,It can lose H⁺ while retaining the bonding electrons.,,
1.15,0b3efab7305104,Functional groups & linkages,合并,1.13,与目标卡需要的知识相同；合并正反问法、同义定义或重复实例。,Which is negatively charged: –COOH or –COO⁻?,–COO⁻.,,
1.16,fe0b25255c492d,Functional groups & linkages,合并,1.13,与目标卡需要的知识相同；合并正反问法、同义定义或重复实例。,What is the name of the deprotonated form of a carboxyl group?,Carboxylate.,,
1.17,101f7c21e85c02,Functional groups & linkages,合并,1.13,与目标卡需要的知识相同；合并正反问法、同义定义或重复实例。,A hydrocarbon chain ends in –C(=O)–OH. Which end can donate H⁺?,The carboxyl end.,,
1.18,34b018da2029be,Functional groups & linkages,保留,,保留独立学习目标；题干明确，答案简短。,Which functional group occurs at the end of a fatty acid?,Carboxyl.,Which functional group occurs at the end of a fatty acid?,Carboxyl.
1.19,cc2c7e8eb20709,Functional groups & linkages,合并,1.53,与目标卡需要的知识相同；合并正反问法、同义定义或重复实例。,Which group of an amino acid supplies the carbonyl carbon of a peptide linkage?,The carboxyl group.,,
1.20,5d674e84f681b5,Functional groups & linkages,保留,,保留独立学习目标；题干明确，答案简短。,Does a C=O bond alone identify a carboxyl group?,No; a carboxyl group also has –OH or –O⁻ on that same carbon.,Does a C=O bond alone identify a carboxyl group?,No; a carboxyl group also has –OH or –O⁻ on that same carbon.
1.21,6f4a25eecdf2a7,Functional groups & linkages,保留,,保留独立学习目标；题干明确，答案简短。,Identify the nitrogen-containing group in R–NH₂.,Amino group.,Identify the nitrogen-containing group in R–NH₂.,Amino group.
1.22,25002a13eaa19a,Functional groups & linkages,合并,1.21,与目标卡需要的知识相同；合并正反问法、同义定义或重复实例。,Write a neutral amino group attached to R.,R–NH₂.,,
1.23,0c147b0091a9ba,Functional groups & linkages,重写,,合并质子接受和正电荷结果，保留酸碱机制。,What does R–NH₂ become when it accepts H⁺?,R–NH₃⁺.,Why can an amino group act as a base?,Its nitrogen accepts H⁺: R–NH₂ becomes R–NH₃⁺.
1.24,ce031a6e1942d2,Functional groups & linkages,合并,1.23,与目标卡需要的知识相同；合并正反问法、同义定义或重复实例。,Why can an amino group act as a base?,Its nitrogen can accept H⁺.,,
1.25,0be526faeb2717,Functional groups & linkages,合并,1.23,与目标卡需要的知识相同；合并正反问法、同义定义或重复实例。,Which is positively charged: R–NH₂ or R–NH₃⁺?,R–NH₃⁺.,,
1.26,1a1a943c9ed9a7,Functional groups & linkages,合并,1.46,与目标卡需要的知识相同；合并正反问法、同义定义或重复实例。,How does protonation of an amino group affect its interaction with water?,The resulting positive charge favors interaction with water.,,
1.27,688cfec97fce4b,Functional groups & linkages,合并,1.53,与目标卡需要的知识相同；合并正反问法、同义定义或重复实例。,Which group of an amino acid supplies nitrogen to a peptide linkage?,The amino group.,,
1.28,7f22ee241b6f9a,Functional groups & linkages,合并,1.88,与目标卡需要的知识相同；合并正反问法、同义定义或重复实例。,What atom surrounded by oxygens is a clue to a phosphate-containing group?,Phosphorus (P).,,
1.29,2a91b78a5cce3f,Functional groups & linkages,合并,1.88,与目标卡需要的知识相同；合并正反问法、同义定义或重复实例。,Give one common schematic form of a phosphate monoester with negative charges.,R–O–P(=O)(O⁻)–O⁻; protonation can vary.,,
1.30,ca0e1fc6a84ad3,Functional groups & linkages,保留,,保留独立学习目标；题干明确，答案简短。,Why can phosphate groups make a molecular region hydrophilic?,Their polar bonds and often negative charges interact favorably with water.,Why can phosphate groups make a molecular region hydrophilic?,Their polar bonds and often negative charges interact favorably with water.
1.31,25e23ef75b61ed,Functional groups & linkages,保留,,保留独立学习目标；题干明确，答案简短。,Are all phosphate-containing groups always drawn with exactly the same charge?,No; charge depends on protonation and the groups attached.,Are all phosphate-containing groups always drawn with exactly the same charge?,No; charge depends on protonation and the groups attached.
1.32,8dc0a648b3b97c,Functional groups & linkages,保留,,保留独立学习目标；题干明确，答案简短。,Which repeating region of DNA and RNA contains phosphate groups?,The sugar–phosphate backbone.,Which repeating region of DNA and RNA contains phosphate groups?,The sugar–phosphate backbone.
1.33,928cd65f030502,Functional groups & linkages,保留,,保留独立学习目标；题干明确，答案简短。,"In a typical phospholipid, which region contains phosphate?",The polar head region.,"In a typical phospholipid, which region contains phosphate?",The polar head region.
1.34,d32caf798806ed,Functional groups & linkages,保留,,保留独立学习目标；题干明确，答案简短。,Identify the functional group C=O.,Carbonyl.,Identify the functional group C=O.,Carbonyl.
1.35,380aed93028e34,Functional groups & linkages,合并,1.34,与目标卡需要的知识相同；合并正反问法、同义定义或重复实例。,Write the structural shorthand for a carbonyl group.,C=O.,,
1.36,f5a935317ba00e,Functional groups & linkages,重写,,合并电负性解释和部分电荷方向。,Why is a carbonyl group polar?,Oxygen pulls the shared electrons more strongly than carbon.,Why is the oxygen end of a carbonyl partially negative?,Oxygen attracts the shared electrons more strongly than carbon.
1.37,c4f5565b60f8af,Functional groups & linkages,合并,1.36,与目标卡需要的知识相同；合并正反问法、同义定义或重复实例。,Which end of a carbonyl bond has a partial negative charge?,The oxygen end.,,
1.38,ce2c877933dd67,Functional groups & linkages,保留,,保留独立学习目标；题干明确，答案简短。,Does the polarity of C=O mean that the group necessarily has a net charge?,No; partial charges differ from a net ionic charge.,Does the polarity of C=O mean that the group necessarily has a net charge?,No; partial charges differ from a net ionic charge.
1.39,a3494fc1367502,Functional groups & linkages,合并,1.138,与目标卡需要的知识相同；合并正反问法、同义定义或重复实例。,"Which feature do carboxyl, ester, and amide groups share?",A carbonyl group.,,
1.40,ee18e8a7271de2,Functional groups & linkages,保留,,保留独立学习目标；题干明确，答案简短。,Identify the group –CH₃.,Methyl group.,Identify the group –CH₃.,Methyl group.
1.41,19eef4f12c28dd,Functional groups & linkages,合并,1.40,与目标卡需要的知识相同；合并正反问法、同义定义或重复实例。,Write the structural shorthand for a methyl group.,–CH₃.,,
1.42,b8f9a8232d8525,Functional groups & linkages,合并,1.44,与目标卡需要的知识相同；合并正反问法、同义定义或重复实例。,Is a methyl group mainly polar or nonpolar?,Nonpolar.,,
1.43,04999c69b2a860,Functional groups & linkages,合并,1.44,与目标卡需要的知识相同；合并正反问法、同义定义或重复实例。,A region contains mostly C–C and C–H bonds. Is it mainly polar or nonpolar?,Nonpolar.,,
1.44,a98892fbe1869e,Functional groups & linkages,保留,,保留独立学习目标；题干明确，答案简短。,Why is a long hydrocarbon chain hydrophobic?,Its mostly nonpolar bonds cannot form favorable hydrogen bonds with water.,Why is a long hydrocarbon chain hydrophobic?,Its mostly nonpolar bonds cannot form favorable hydrogen bonds with water.
1.45,e24f7c8c3adf9f,Functional groups & linkages,重写,,用结构比较检验羟基的性质与原因。,Which region interacts more favorably with water: –CH₂–CH₂– or –CH₂–OH?,"–CH₂–OH, because it contains a polar hydroxyl group.","Which interacts more favorably with water: –CH₂–CH₂– or –CH₂–OH, and why?",–CH₂–OH: its polar hydroxyl can form hydrogen bonds with water.
1.46,541ec6d6374e70,Functional groups & linkages,保留,,保留独立学习目标；题干明确，答案简短。,Which region interacts more favorably with water: –COO⁻ or –CH₃?,"–COO⁻, because its negative charge interacts with water.",Which region interacts more favorably with water: –COO⁻ or –CH₃?,"–COO⁻, because its negative charge interacts with water."
1.47,57695659ab7d85,Functional groups & linkages,合并,1.45,与目标卡需要的知识相同；合并正反问法、同义定义或重复实例。,Can an uncharged group still be hydrophilic?,Yes; polar groups such as hydroxyls can interact with water.,,
1.48,1423aa549927ea,Functional groups & linkages,保留,,保留独立学习目标；题干明确，答案简短。,Does one hydroxyl guarantee that an entire molecule is highly water-soluble?,No; the size of its nonpolar region also matters.,Does one hydroxyl guarantee that an entire molecule is highly water-soluble?,No; the size of its nonpolar region also matters.
1.49,4ac269614b5e15,Functional groups & linkages,合并,1.13,与目标卡需要的知识相同；合并正反问法、同义定义或重复实例。,Classify –COO⁻ as charged or uncharged and give the sign.,Charged; negative.,,
1.50,e6e459db2c5da3,Functional groups & linkages,合并,1.23,与目标卡需要的知识相同；合并正反问法、同义定义或重复实例。,Classify –NH₃⁺ as charged or uncharged and give the sign.,Charged; positive.,,
1.51,cf80a285e7abc5,Functional groups & linkages,合并,1.8,与目标卡需要的知识相同；合并正反问法、同义定义或重复实例。,Classify an alcohol –OH as charged or uncharged in its usual drawn form.,Uncharged.,,
1.52,ca520d163fa16e,Functional groups & linkages,保留,,保留独立学习目标；题干明确，答案简短。,What covalent linkage joins amino acids in a protein backbone?,"Peptide bond, a type of amide linkage.",What covalent linkage joins amino acids in a protein backbone?,"Peptide bond, a type of amide linkage."
1.53,2215451ecb12cd,Functional groups & linkages,重写,,保留连接方式；不与酰胺结构识别或蛋白质归属合并。,Which two functional groups react in the course model of peptide-bond formation?,A carboxyl group and an amino group.,Which groups supply the C and N of a peptide bond?,The carboxyl group supplies the carbonyl C; the amino group supplies N.
1.54,b71243ebee6d7f,Functional groups & linkages,保留,,保留独立学习目标；题干明确，答案简短。,Recognize R–C(=O)–NH–R′: what linkage is shown?,An amide linkage; it is a peptide linkage when joining amino-acid residues.,Recognize R–C(=O)–NH–R′: what linkage is shown?,An amide linkage; it is a peptide linkage when joining amino-acid residues.
1.55,d6fb2e00765a45,Functional groups & linkages,合并,1.54,与目标卡需要的知识相同；合并正反问法、同义定义或重复实例。,Write a typical peptide/amide linkage motif.,–C(=O)–NH–.,,
1.56,84d2a795408eae,Functional groups & linkages,保留,,保留独立学习目标；题干明确，答案简短。,"In –C(=O)–NH–, which bond is the peptide bond itself?",The bond between the carbonyl carbon and nitrogen.,"In –C(=O)–NH–, which bond is the peptide bond itself?",The bond between the carbonyl carbon and nitrogen.
1.57,421c7eefd2b602,Functional groups & linkages,合并,1.52,与目标卡需要的知识相同；合并正反问法、同义定义或重复实例。,Which class of macromolecule has repeated peptide bonds in its backbone?,Proteins.,,
1.58,38a94881e151e3,Functional groups & linkages,合并,1.52,与目标卡需要的知识相同；合并正反问法、同义定义或重复实例。,What units does a peptide bond connect in proteins?,Amino-acid residues.,,
1.59,4d9e491531e2a6,Functional groups & linkages,合并,1.145,与目标卡需要的知识相同；合并正反问法、同义定义或重复实例。,What net reaction type forms a peptide bond in the course's simplified model?,Condensation/dehydration.,,
1.60,3dd3bd727ad3e6,Functional groups & linkages,合并,1.146,与目标卡需要的知识相同；合并正反问法、同义定义或重复实例。,What net reaction type breaks a peptide bond?,Hydrolysis.,,
1.61,7b57df97e6e830,Functional groups & linkages,合并,1.146,与目标卡需要的知识相同；合并正反问法、同义定义或重复实例。,What small molecule is consumed when a peptide bond is hydrolyzed?,Water.,,
1.62,7bdee95d922aa1,Functional groups & linkages,合并,1.145,与目标卡需要的知识相同；合并正反问法、同义定义或重复实例。,What small molecule is released in the simplified condensation of two free amino acids?,Water.,,
1.63,43c5ffac3dd03a,Functional groups & linkages,保留,,保留独立学习目标；题干明确，答案简短。,Why is R–C(=O)–NH–R′ not a free amino group?,Its nitrogen is directly bonded to a carbonyl carbon as part of an amide.,Why is R–C(=O)–NH–R′ not a free amino group?,Its nitrogen is directly bonded to a carbonyl carbon as part of an amide.
1.64,8f4ff9f1fb15be,Functional groups & linkages,保留,,保留独立学习目标；题干明确，答案简短。,Why is the –C(=O)–NH– part of a peptide not a free carboxyl group?,The carbonyl carbon is bonded to nitrogen instead of –OH or –O⁻.,Why is the –C(=O)–NH– part of a peptide not a free carboxyl group?,The carbonyl carbon is bonded to nitrogen instead of –OH or –O⁻.
1.65,c33384b1afe0f9,Functional groups & linkages,合并,1.63,与目标卡需要的知识相同；合并正反问法、同义定义或重复实例。,How does R–NH₂ differ structurally from R–C(=O)–NH–R′?,Only the second has nitrogen directly attached to a carbonyl carbon.,,
1.66,737aee94f74487,Functional groups & linkages,合并,1.63,与目标卡需要的知识相同；合并正反问法、同义定义或重复实例。,Does every nitrogen atom in a protein belong to a free amino group?,No; many are part of peptide linkages.,,
1.67,481e681bc77d57,Functional groups & linkages,重写,,将笼统的重要性改为断键后果，检验结构作用。,Why do peptide bonds matter to protein structure at this course level?,They covalently join amino-acid residues into the backbone.,Why does cleaving a peptide bond within a linear protein backbone split the chain?,It breaks a covalent link between successive amino-acid residues.
1.68,935ea596c1175b,Functional groups & linkages,合并,1.1,与目标卡需要的知识相同；合并正反问法、同义定义或重复实例。,Write the structural motif of an ester linkage.,–C(=O)–O–.,,
1.69,2b7a00ec80eec4,Functional groups & linkages,保留,,保留独立学习目标；题干明确，答案简短。,What two functional groups react to form an ester in the course model?,A hydroxyl group and a carboxyl group.,What two functional groups react to form an ester in the course model?,A hydroxyl group and a carboxyl group.
1.70,0fc7dfa43d6249,Functional groups & linkages,合并,1.69,与目标卡需要的知识相同；合并正反问法、同义定义或重复实例。,Which linkage would you expect between glycerol and a fatty acid?,Ester linkage.,,
1.71,f7cf836ff69bb7,Functional groups & linkages,合并,1.69,与目标卡需要的知识相同；合并正反问法、同义定义或重复实例。,Which glycerol group participates in ester formation?,A hydroxyl group.,,
1.72,c51fa4f89986ae,Functional groups & linkages,合并,1.69,与目标卡需要的知识相同；合并正反问法、同义定义或重复实例。,Which fatty-acid group participates in ester formation?,The carboxyl group.,,
1.73,843e616e9039ca,Functional groups & linkages,合并,1.145,与目标卡需要的知识相同；合并正反问法、同义定义或重复实例。,What is the net reaction type for hydroxyl + carboxyl → ester + water?,"Condensation/dehydration, specifically esterification.",,
1.74,535f9533881a69,Functional groups & linkages,合并,1.146,与目标卡需要的知识相同；合并正反问法、同义定义或重复实例。,What reaction breaks an ester linkage by adding water?,Hydrolysis.,,
1.75,5b4dc30223fa95,Functional groups & linkages,保留,,保留独立学习目标；题干明确，答案简短。,What functional groups are restored by the course model of ester hydrolysis?,A hydroxyl group and a carboxyl group.,What functional groups are restored by the course model of ester hydrolysis?,A hydroxyl group and a carboxyl group.
1.76,b4152683333479,Functional groups & linkages,合并,3.9,与目标卡需要的知识相同；合并正反问法、同义定义或重复实例。,Which storage lipid contains three ester linkages between glycerol and fatty acids?,Triacylglycerol.,,
1.77,8d37052b26c4c1,Functional groups & linkages,保留,,保留独立学习目标；题干明确，答案简短。,"In a common glycerol-based phospholipid, what links a fatty acid to glycerol?",An ester linkage.,"In a common glycerol-based phospholipid, what links a fatty acid to glycerol?",An ester linkage.
1.78,78f668062b8497,Functional groups & linkages,合并,1.69,与目标卡需要的知识相同；合并正反问法、同义定义或重复实例。,Why do ester linkages matter in triacylglycerols?,They covalently attach the fatty-acid chains to glycerol.,,
1.79,15831c9ce65d25,Functional groups & linkages,合并,1.1,与目标卡需要的知识相同；合并正反问法、同义定义或重复实例。,A diagram contains R–O–C(=O)–R′. Which linkage is present?,Ester; reversing its drawing direction does not change the linkage.,,
1.80,4b4090db093fc4,Functional groups & linkages,合并,1.129,与目标卡需要的知识相同；合并正反问法、同义定义或重复实例。,"A diagram contains C=O, but no oxygen single-bonded to that carbon. Is that enough to identify an ester?",No; an ester requires the –C(=O)–O– connection.,,
1.81,cd98d8e3e5ef94,Functional groups & linkages,保留,,保留独立学习目标；题干明确，答案简短。,How can you distinguish a free carboxyl group from an ester in a diagram?,A carboxyl has –C(=O)–OH/–O⁻; an ester has –C(=O)–O–R.,How can you distinguish a free carboxyl group from an ester in a diagram?,A carboxyl has –C(=O)–OH/–O⁻; an ester has –C(=O)–O–R.
1.82,a3252945c05041,Functional groups & linkages,保留,,保留独立学习目标；题干明确，答案简短。,Identify R–C(=O)–S–R′.,Thioester.,Identify R–C(=O)–S–R′.,Thioester.
1.83,8275b3fca36d12,Functional groups & linkages,合并,1.82,与目标卡需要的知识相同；合并正反问法、同义定义或重复实例。,Write the structural motif of a thioester.,–C(=O)–S–.,,
1.84,67ff2c039b85a5,Functional groups & linkages,合并,1.138,与目标卡需要的知识相同；合并正反问法、同义定义或重复实例。,Which atom replaces the linking oxygen of an ester in a thioester?,Sulfur.,,
1.85,6a9e15096f435f,Functional groups & linkages,合并,1.138,与目标卡需要的知识相同；合并正反问法、同义定义或重复实例。,What feature is shared by ester and thioester linkages?,A carbonyl carbon bonded to the linking oxygen or sulfur.,,
1.86,28a4f27db3882d,Functional groups & linkages,保留,,保留独立学习目标；题干明确，答案简短。,Which is a thioester: R–S–R′ or R–C(=O)–S–R′?,R–C(=O)–S–R′; sulfur must be attached to the carbonyl carbon.,Which is a thioester: R–S–R′ or R–C(=O)–S–R′?,R–C(=O)–S–R′; sulfur must be attached to the carbonyl carbon.
1.87,2d93055072c7c4,Functional groups & linkages,重写,,以具体载体替代含糊的 biological role；CoA 是代谢载体，不冒称为某类聚合物。,What introductory biological role can thioesters have?,"They can carry acyl groups, the R–C(=O)– portion, in metabolic reactions.",What does the thioester in acetyl-CoA enable it to transfer?,An acetyl group to another molecule during metabolism.
1.88,51602b4aef54f6,Functional groups & linkages,保留,,保留独立学习目标；题干明确，答案简短。,Identify the phosphate attachment in R–O–P(=O)(O⁻)–O⁻.,A phosphoester linkage.,Identify the phosphate attachment in R–O–P(=O)(O⁻)–O⁻.,A phosphoester linkage.
1.89,873341f64e90e4,Functional groups & linkages,重写,,保留连接方式；与识别连接名称、核苷酸中的位置分别考查。,"In a phosphoester, how is the carbon-containing group connected to phosphate?",Through an alcohol-derived oxygen: C–O–P.,How is an alcohol-derived carbon group connected to phosphate in a phosphoester?,"Through the alcohol oxygen: C–O–P, not a direct C–P bond."
1.90,f6785cfb75d776,Functional groups & linkages,合并,1.89,与目标卡需要的知识相同；合并正反问法、同义定义或重复实例。,What kind of group provides the alcohol-derived oxygen in a phosphoester?,A hydroxyl group.,,
1.91,9d404d2e79be3a,Functional groups & linkages,合并,1.89,与目标卡需要的知识相同；合并正反问法、同义定义或重复实例。,Which two groups are joined in the simple condensation model of phosphoester formation?,An alcohol hydroxyl group and a phosphate –OH group.,,
1.92,58bf5d6a3d040c,Functional groups & linkages,合并,1.146,与目标卡需要的知识相同；合并正反问法、同义定义或重复实例。,What reaction type can cleave a phosphoester linkage using water?,Hydrolysis.,,
1.93,15b577a0a7f372,Functional groups & linkages,保留,,保留独立学习目标；题干明确，答案简短。,A nucleotide's sugar is attached to one phosphate through C–O–P. What linkage is that attachment?,Phosphoester.,A nucleotide's sugar is attached to one phosphate through C–O–P. What linkage is that attachment?,Phosphoester.
1.94,808402ead6256b,Functional groups & linkages,合并,1.102,与目标卡需要的知识相同；合并正反问法、同义定义或重复实例。,How many alcohol-derived organic groups are ester-linked to the phosphate in a phosphate monoester?,One.,,
1.95,7ccef83acf4b8c,Functional groups & linkages,合并,1.102,与目标卡需要的知识相同；合并正反问法、同义定义或重复实例。,How many alcohol-derived organic groups are ester-linked to the phosphate in a phosphodiester?,Two.,,
1.96,ca128bbf6315f8,Functional groups & linkages,保留,,保留独立学习目标；题干明确，答案简短。,Identify sugar–O–P(=O)(O⁻)–O–sugar.,A phosphodiester connection.,Identify sugar–O–P(=O)(O⁻)–O–sugar.,A phosphodiester connection.
1.97,f2274ed088f7bf,Functional groups & linkages,保留,,保留独立学习目标；题干明确，答案简短。,Which covalent linkage creates the DNA/RNA sugar–phosphate backbone?,Phosphodiester linkage.,Which covalent linkage creates the DNA/RNA sugar–phosphate backbone?,Phosphodiester linkage.
1.98,e3e4faac8e81f1,Functional groups & linkages,合并,1.97,与目标卡需要的知识相同；合并正反问法、同义定义或重复实例。,What units are connected by phosphodiester linkages in DNA and RNA?,Nucleotide residues.,,
1.99,a614efcd577db7,Functional groups & linkages,重写,,合并位置记忆与连接路径为同一个结构追踪问题。,Which sugar-carbon positions are connected through phosphate in a normal nucleic-acid backbone?,The 3′ position of one sugar and the 5′ position of the next.,Trace the connection between neighboring sugars in a nucleic-acid backbone.,"3′-C–O–P–O–C-5′; the sugars are connected through phosphate, not directly by C–C."
1.100,4a5ab5b37d6c14,Functional groups & linkages,合并,1.99,与目标卡需要的知识相同；合并正反问法、同义定义或重复实例。,Does a 3′–5′ phosphodiester linkage directly join two sugar carbons with a C–C bond?,No; the connection passes through O–P–O.,,
1.101,8950e6272463b3,Functional groups & linkages,合并,1.102,与目标卡需要的知识相同；合并正反问法、同义定义或重复实例。,How does a phosphodiester relate to phosphoester attachments?,One phosphate has two phosphoester attachments to organic groups.,,
1.102,bb301c5e6a88ee,Functional groups & linkages,保留,,保留独立学习目标；题干明确，答案简短。,What feature distinguishes a phosphodiester from a phosphate monoester in a diagram?,Two organic groups are attached through oxygens to the same phosphate instead of one.,What feature distinguishes a phosphodiester from a phosphate monoester in a diagram?,Two organic groups are attached through oxygens to the same phosphate instead of one.
1.103,5f9803f109ad2d,Functional groups & linkages,合并,1.102,与目标卡需要的知识相同；合并正反问法、同义定义或重复实例。,Does any phosphate group in a drawing automatically identify a phosphodiester?,No; check for two ester attachments to organic groups.,,
1.104,eb3f9e33cf7c44,Functional groups & linkages,重写,,用骨架断裂的后果检验作用，避免重复 hydrolysis 定义。,What reaction type can break the nucleic-acid backbone by using water?,Hydrolysis of a phosphodiester linkage.,What happens to a DNA strand when one internal phosphodiester linkage is hydrolyzed?,Its covalent backbone is cut at that position.
1.105,a3772a9db5e8e5,Functional groups & linkages,合并,2.27,与目标卡需要的知识相同；合并正反问法、同义定义或重复实例。,Which nucleic-acid group is required at the growing chain end to form the next phosphodiester linkage?,A usable 3′-OH.,,
1.106,52ef12bfc08a19,Functional groups & linkages,合并,2.33,与目标卡需要的知识相同；合并正反问法、同义定义或重复实例。,Why does the 3′–5′ connection give a nucleic-acid strand directionality?,The strand has chemically different 5′ and 3′ ends.,,
1.107,aae076b90b7766,Functional groups & linkages,保留,,保留独立学习目标；题干明确，答案简短。,Does a phosphodiester bond connect the paired bases across two DNA strands?,No; it connects successive nucleotides within one strand.,Does a phosphodiester bond connect the paired bases across two DNA strands?,No; it connects successive nucleotides within one strand.
1.108,37f0a6d006cf98,Functional groups & linkages,保留,,保留独立学习目标；题干明确，答案简短。,Which linkage joins monosaccharides in disaccharides and polysaccharides?,Glycosidic linkage.,Which linkage joins monosaccharides in disaccharides and polysaccharides?,Glycosidic linkage.
1.109,98af88ff404a51,Functional groups & linkages,合并,1.108,与目标卡需要的知识相同；合并正反问法、同义定义或重复实例。,What units does a glycosidic linkage connect in the carbohydrates in this course?,Monosaccharide residues.,,
1.110,c66ad2b861e37f,Functional groups & linkages,保留,,保留独立学习目标；题干明确，答案简短。,What groups react in the simplified model of glycosidic-bond formation between sugars?,"Hydroxyl groups on the two sugars, including the anomeric hydroxyl of one.",What groups react in the simplified model of glycosidic-bond formation between sugars?,"Hydroxyl groups on the two sugars, including the anomeric hydroxyl of one."
1.111,5616be50da2325,Functional groups & linkages,合并,1.145,与目标卡需要的知识相同；合并正反问法、同义定义或重复实例。,What reaction type joins two free sugars with net loss of water in the course model?,Condensation/dehydration.,,
1.112,b0ef906150ed93,Functional groups & linkages,合并,1.146,与目标卡需要的知识相同；合并正反问法、同义定义或重复实例。,What reaction type breaks a glycosidic linkage using water?,Hydrolysis.,,
1.113,6418e8666d330f,Functional groups & linkages,重写,,合并两个数字的分拆题，考一个命名解读目标。,"In glucose polymers, what does the 1 in a (1→4) linkage identify?",Carbon 1 of one glucose residue.,What do the numbers in a glucose (1→4) linkage identify?,"C1 of one glucose and C4 of the next, joined through oxygen."
1.114,7ba90ac00ec5a6,Functional groups & linkages,合并,1.113,与目标卡需要的知识相同；合并正反问法、同义定义或重复实例。,"In glucose polymers, what does the 4 in a (1→4) linkage identify?",Carbon 4 of the other glucose residue.,,
1.115,167444171fe586,Functional groups & linkages,合并,1.113,与目标卡需要的知识相同；合并正反问法、同义定义或重复实例。,Does 1→4 mean that four glucose molecules are connected?,No; it identifies the linked carbon positions.,,
1.116,b648dfecd96385,Functional groups & linkages,合并,1.124,与目标卡需要的知识相同；合并正反问法、同义定义或重复实例。,"In α(1→6), which carbon of the second glucose is linked?",Carbon 6.,,
1.117,ce5d00b26515d0,Functional groups & linkages,保留,,保留独立学习目标；题干明确，答案简短。,What does α or β specify in a glycosidic-linkage name?,"The configuration at the participating anomeric carbon, carbon 1 in glucose.",What does α or β specify in a glycosidic-linkage name?,"The configuration at the participating anomeric carbon, carbon 1 in glucose."
1.118,4ccfcf4f81ee3e,Functional groups & linkages,重写,,保留构型比较；采用相对取向，避免把屏幕上下当结构规则。,"In a standard D-glucose Haworth drawing, how is an α substituent at C1 oriented relative to the C5–CH₂OH group?",On the opposite side of the ring.,How do α and β substituents at C1 differ in a standard D-glucose Haworth drawing?,α is opposite the C5–CH₂OH group; β is on the same side.
1.119,349d23020c2350,Functional groups & linkages,合并,1.118,与目标卡需要的知识相同；合并正反问法、同义定义或重复实例。,"In a standard D-glucose Haworth drawing, how is a β substituent at C1 oriented relative to the C5–CH₂OH group?",On the same side of the ring.,,
1.120,2175d7579cbfea,Functional groups & linkages,合并,2.77,与目标卡需要的知识相同；合并正反问法、同义定义或重复实例。,Can the numbers (1→4) alone distinguish starch from cellulose?,No; the α versus β configuration also matters.,,
1.121,b50af684af2284,Functional groups & linkages,重写,,保留大分子归属目标；去掉会提前给出答案的示意图。,Which linkage makes the glucose main chain of starch?,α(1→4) glycosidic linkage.,Which linkage forms the glucose main chain of starch?,α(1→4) glycosidic linkage.
1.122,d239968900916e,Functional groups & linkages,保留,,保留独立学习目标；题干明确，答案简短。,Which linkage forms an amylopectin branch point?,α(1→6) glycosidic linkage.,Which linkage forms an amylopectin branch point?,α(1→6) glycosidic linkage.
1.123,9f27a546f579af,Functional groups & linkages,保留,,保留独立学习目标；题干明确，答案简短。,Which linkage joins glucose residues in cellulose?,β(1→4) glycosidic linkage.,Which linkage joins glucose residues in cellulose?,β(1→4) glycosidic linkage.
1.124,e9d803ea923110,Functional groups & linkages,重写,,去掉题干中直接给出的 α 和碳编号，保留看图辨认能力。,A glucose diagram shows an α connection from C1 through oxygen to C6 of another glucose. Name the linkage.,α(1→6) glycosidic linkage.,Identify the glycosidic linkage in this glucose structure.,α(1→6) glycosidic linkage.
1.125,65c68e0ba154d9,Functional groups & linkages,重写,,去掉题干中直接给出的 β 和碳编号，保留看图辨认能力。,A glucose diagram shows a β connection from C1 through oxygen to C4 of another glucose. Name the linkage.,β(1→4) glycosidic linkage.,Identify the glycosidic linkage in this glucose structure.,β(1→4) glycosidic linkage.
1.126,032e9e16596658,Functional groups & linkages,保留,,保留独立学习目标；题干明确，答案简短。,Why does glycosidic-linkage geometry matter biologically?,It changes polymer shape and which enzymes can act on the polymer.,Why does glycosidic-linkage geometry matter biologically?,It changes polymer shape and which enzymes can act on the polymer.
1.127,e594e25ed84e4f,Functional groups & linkages,保留,,保留独立学习目标；题干明确，答案简短。,Identify R–O–R′ when the oxygen joins two carbons and neither adjacent carbon is a carbonyl carbon.,Ether.,Identify R–O–R′ when the oxygen joins two carbons and neither adjacent carbon is a carbonyl carbon.,Ether.
1.128,d4a6fd86920056,Functional groups & linkages,合并,1.127,与目标卡需要的知识相同；合并正反问法、同义定义或重复实例。,Write the structural motif of an ether.,"C–O–C, without an adjacent carbonyl carbon.",,
1.129,157128deef267f,Functional groups & linkages,保留,,保留独立学习目标；题干明确，答案简短。,What structural feature distinguishes an ester from an ether?,An ester has a carbonyl carbon directly bonded to the linking oxygen.,What structural feature distinguishes an ester from an ether?,An ester has a carbonyl carbon directly bonded to the linking oxygen.
1.130,bf6f6ca4ae7020,Functional groups & linkages,合并,1.129,与目标卡需要的知识相同；合并正反问法、同义定义或重复实例。,Which is an ester: CH₃–O–CH₃ or CH₃–C(=O)–O–CH₃?,CH₃–C(=O)–O–CH₃.,,
1.131,c2e206496ad2fb,Functional groups & linkages,合并,1.129,与目标卡需要的知识相同；合并正反问法、同义定义或重复实例。,Which is an ether: CH₃–O–CH₃ or CH₃–C(=O)–O–CH₃?,CH₃–O–CH₃.,,
1.132,7e48966cb91feb,Functional groups & linkages,合并,1.138,与目标卡需要的知识相同；合并正反问法、同义定义或重复实例。,What structural feature distinguishes an ester from an amide?,The atom attached to the carbonyl carbon is O in an ester and N in an amide.,,
1.133,51f52d77165d00,Functional groups & linkages,合并,1.54,与目标卡需要的知识相同；合并正反问法、同义定义或重复实例。,Classify CH₃–C(=O)–NH–CH₃.,Amide linkage.,,
1.134,5e7bb740033c2f,Functional groups & linkages,合并,1.82,与目标卡需要的知识相同；合并正反问法、同义定义或重复实例。,Classify CH₃–C(=O)–S–CH₃.,Thioester linkage.,,
1.135,3b6106ab5edfc4,Functional groups & linkages,合并,1.127,与目标卡需要的知识相同；合并正反问法、同义定义或重复实例。,Classify CH₃–CH₂–O–CH₃.,Ether linkage.,,
1.136,2647129ad8d328,Functional groups & linkages,合并,1.1,与目标卡需要的知识相同；合并正反问法、同义定义或重复实例。,Classify CH₃–C(=O)–O–CH₂–CH₃.,Ester linkage.,,
1.137,1a240d6cf54281,Functional groups & linkages,合并,1.63,与目标卡需要的知识相同；合并正反问法、同义定义或重复实例。,Classify CH₃–CH₂–NH₂: free amino group or amide?,Free amino group; no carbonyl carbon is directly bonded to its nitrogen.,,
1.138,7b6f799048937b,Functional groups & linkages,重写,,把两两重复比较合成一个结构判别规则。,"Which atom should you inspect next after finding C=O when comparing ester, amide, and thioester?","The single-bonded linking atom: O, N, or S, respectively.","After locating C=O, how do you distinguish an ester, amide, and thioester?","Inspect the linking atom bonded to the carbonyl C: O → ester, N → amide, S → thioester."
1.139,5d50e5d9b3b599,Functional groups & linkages,保留,,保留独立学习目标；题干明确，答案简短。,How can you distinguish a carboxylic ester from a phosphoester by its central atom?,A carboxylic ester centers on a carbonyl carbon; a phosphoester centers on phosphorus.,How can you distinguish a carboxylic ester from a phosphoester by its central atom?,A carboxylic ester centers on a carbonyl carbon; a phosphoester centers on phosphorus.
1.140,ca0fff8543b83c,Functional groups & linkages,删除,,同时要求两类大分子映射；分别已由 1.52 和 1.108 覆盖，删除拼盘式复述。,"Which linkage joins sugar units, and which joins amino-acid units?",Glycosidic joins sugar units; peptide joins amino-acid units.,,
1.141,afb93bab941a22,Functional groups & linkages,重写,,用糖的结构语境替代笼统的“不是普通 ether”，保留大分子中的识别。,Is every C–O–C fragment enough to classify a whole linkage as an ordinary ether?,"No; inspect context, including an adjacent carbonyl or a sugar's anomeric carbon.",What makes a sugar C–O–C connection an O-glycosidic linkage?,It joins a sugar’s anomeric carbon through oxygen to another group.
1.142,8d823ec3f9f347,Functional groups & linkages,合并,1.46,与目标卡需要的知识相同；合并正反问法、同义定义或重复实例。,An unfamiliar molecule has –COO⁻ at one end and a long hydrocarbon region. Which end is more hydrophilic?,The –COO⁻ end.,,
1.143,5231084ab9f460,Functional groups & linkages,保留,,保留独立学习目标；题干明确，答案简短。,An unfamiliar molecule has –C(=O)–NH– within a chain. Does that alone prove the whole molecule is a protein?,"No; it identifies an amide, but the rest of the structure is needed.",An unfamiliar molecule has –C(=O)–NH– within a chain. Does that alone prove the whole molecule is a protein?,"No; it identifies an amide, but the rest of the structure is needed."
1.144,1811912db864f3,Functional groups & linkages,保留,,保留独立学习目标；题干明确，答案简短。,An unfamiliar molecule has one ester linkage. Does that alone prove it is a triacylglycerol?,No; triacylglycerol requires glycerol attached to three fatty acids.,An unfamiliar molecule has one ester linkage. Does that alone prove it is a triacylglycerol?,No; triacylglycerol requires glycerol attached to three fatty acids.
1.145,bf0be168dba2b8,Functional groups & linkages,重写,,以反应情境替代单纯定义；适用于课程的简化净反应模型。,What happens to water in a net dehydration reaction?,Water is released.,Two free monomers join with net release of H₂O. What reaction type is modeled?,Condensation (dehydration).
1.146,042ef1aaa4eba9,Functional groups & linkages,保留,,保留独立学习目标；题干明确，答案简短。,What happens to water in a hydrolysis reaction?,Water is consumed to cleave a covalent linkage.,What happens to water in a hydrolysis reaction?,Water is consumed to cleave a covalent linkage.
1.147,2f35298a9919e3,Functional groups & linkages,合并,1.146,与目标卡需要的知识相同；合并正反问法、同义定义或重复实例。,Is hydrolysis simply separating molecules without changing covalent bonds?,No; it cleaves a covalent linkage using water.,,
1.148,006ef919da5d8d,Functional groups & linkages,保留,,保留独立学习目标；题干明确，答案简短。,Why should a net dehydration equation not be treated as a complete cellular mechanism?,It summarizes the net change; cells use enzymes and often activated reactants.,Why should a net dehydration equation not be treated as a complete cellular mechanism?,It summarizes the net change; cells use enzymes and often activated reactants.
1.149,44c51e19515767,Functional groups & linkages,删除,,泛泛的做题建议，不考查可独立检验的生物化学知识。,"When identifying a linkage in a crowded diagram, what must you inspect beyond a single atom?",The connected neighboring atoms and bond orders.,,
1.150,8ee92d2134b8c4,Functional groups & linkages,合并,1.1,与目标卡需要的知识相同；合并正反问法、同义定义或重复实例。,Draw an ester linkage from memory.,R–C(=O)–O–R′.,,
1.151,2e30b8e6e33ea1,Functional groups & linkages,合并,1.54,与目标卡需要的知识相同；合并正反问法、同义定义或重复实例。,Draw an amide linkage from memory.,R–C(=O)–NH–R′.,,
1.152,4551304273ca96,Functional groups & linkages,合并,1.82,与目标卡需要的知识相同；合并正反问法、同义定义或重复实例。,Draw a thioester linkage from memory.,R–C(=O)–S–R′.,,
1.153,85475956c12d67,Functional groups & linkages,合并,1.127,与目标卡需要的知识相同；合并正反问法、同义定义或重复实例。,Draw an ether linkage from memory.,"R–O–R′, with no adjacent carbonyl carbon.",,
1.154,2385870244652c,Functional groups & linkages,合并,1.96,与目标卡需要的知识相同；合并正反问法、同义定义或重复实例。,Draw a phosphodiester connection between two sugars.,Sugar–O–P(=O)(O⁻)–O–sugar.,,
1.155,0e9245ab6290ea,Functional groups & linkages,合并,1.13,与目标卡需要的知识相同；合并正反问法、同义定义或重复实例。,Draw a carboxyl group after loss of H⁺.,"R–C(=O)–O⁻, often shortened to R–COO⁻.",,
2.1,b949468ac5b34d,Structures & directionality,保留,,保留独立学习目标；题干明确，答案简短。,What three components make a nucleotide?,"A phosphate group, a pentose sugar, and a nitrogenous base.",What three components make a nucleotide?,"A phosphate group, a pentose sugar, and a nitrogenous base."
2.2,ca66bd5bae0312,Structures & directionality,合并,2.1,与目标卡需要的知识相同；合并正反问法、同义定义或重复实例。,"What is the name of a nucleic-acid building block containing phosphate, pentose, and base?",Nucleotide.,,
2.3,da7a4b8d20e0bc,Structures & directionality,合并,2.11,与目标卡需要的知识相同；合并正反问法、同义定义或重复实例。,Which pentose sugar occurs in DNA?,Deoxyribose.,,
2.4,e66134c6b1d1de,Structures & directionality,合并,2.11,与目标卡需要的知识相同；合并正反问法、同义定义或重复实例。,Which nucleic acid contains deoxyribose?,DNA.,,
2.5,baacc37e4f9a16,Structures & directionality,合并,2.11,与目标卡需要的知识相同；合并正反问法、同义定义或重复实例。,Which pentose sugar occurs in RNA?,Ribose.,,
2.6,83c393993ba064,Structures & directionality,合并,2.11,与目标卡需要的知识相同；合并正反问法、同义定义或重复实例。,Which nucleic acid contains ribose?,RNA.,,
2.7,a0a3d0371ed4db,Structures & directionality,重写,,合并两套碱基清单及反向问题，突出唯一差别。,Which bases occur in DNA?,"A, T, G, and C.",Which base differs between DNA and RNA?,"DNA uses thymine (T); RNA uses uracil (U). Both use A, C, and G."
2.8,bef53846502a84,Structures & directionality,合并,2.7,与目标卡需要的知识相同；合并正反问法、同义定义或重复实例。,Which bases occur in RNA?,"A, U, G, and C.",,
2.9,201964ffc31753,Structures & directionality,合并,2.7,与目标卡需要的知识相同；合并正反问法、同义定义或重复实例。,Which base in RNA takes the place of thymine in the usual base list?,Uracil (U).,,
2.10,3bfa1150fe1a7c,Structures & directionality,合并,2.11,与目标卡需要的知识相同；合并正反问法、同义定义或重复实例。,Which sugar position distinguishes ribose from deoxyribose?,The 2′ carbon.,,
2.11,5ef92f3136fd40,Structures & directionality,重写,,合并糖名称正反问和同一差别的反复提问。,What is attached to the 2′ carbon in ribose that is absent at that position in deoxyribose?,An –OH group; deoxyribose has H instead.,How do ribose and deoxyribose differ at the 2′ carbon?,Ribose has 2′-OH; deoxyribose has 2′-H.
2.12,8e02edb389e773,Structures & directionality,合并,2.11,与目标卡需要的知识相同；合并正反问法、同义定义或重复实例。,A nucleotide's sugar has H rather than OH at 2′. Which course nucleic acid does it match?,DNA.,,
2.13,40c026a0ae0c6d,Structures & directionality,合并,2.11,与目标卡需要的知识相同；合并正反问法、同义定义或重复实例。,A nucleotide's sugar has OH at 2′. Which course nucleic acid does it match?,RNA.,,
2.14,9ea0d9c5b094e5,Structures & directionality,保留,,保留独立学习目标；题干明确，答案简短。,Which pentose carbon is attached to the nitrogenous base?,1′.,Which pentose carbon is attached to the nitrogenous base?,1′.
2.15,c44159f36aad9a,Structures & directionality,合并,2.14,与目标卡需要的知识相同；合并正反问法、同义定义或重复实例。,What component attaches to the sugar at 1′?,The nitrogenous base.,,
2.16,34cd3c7e1c15d4,Structures & directionality,保留,,保留独立学习目标；题干明确，答案简短。,Which pentose carbon bears the OH needed at the growing end of a nucleic-acid strand?,3′.,Which pentose carbon bears the OH needed at the growing end of a nucleic-acid strand?,3′.
2.17,9d11e7d05f117c,Structures & directionality,合并,2.27,与目标卡需要的知识相同；合并正反问法、同义定义或重复实例。,Why is the terminal 3′-OH important?,It is needed to form the next backbone linkage during chain extension.,,
2.18,8ede490f73cd3c,Structures & directionality,合并,2.19,与目标卡需要的知识相同；合并正反问法、同义定义或重复实例。,Which numbered sugar carbon is a ring carbon connected to the outside-ring 5′ carbon?,4′.,,
2.19,967e8c0ab26b16,Structures & directionality,保留,,保留独立学习目标；题干明确，答案简短。,Which numbered pentose carbon lies outside the ring and is commonly attached to phosphate?,5′.,Which numbered pentose carbon lies outside the ring and is commonly attached to phosphate?,5′.
2.20,13c37824ebf400,Structures & directionality,合并,2.19,与目标卡需要的知识相同；合并正反问法、同义定义或重复实例。,A sugar diagram shows CH₂ outside the ring connected to phosphate. Which carbon is this?,5′.,,
2.21,4e059a2a62fef3,Structures & directionality,保留,,保留独立学习目标；题干明确，答案简短。,What does the prime mark in 3′ indicate in this context?,"Sugar-carbon numbering, distinguished from numbering in the base.",What does the prime mark in 3′ indicate in this context?,"Sugar-carbon numbering, distinguished from numbering in the base."
2.22,0584c1c5960e24,Structures & directionality,重写,,一题比较化学端点；不依赖图片左端或右端，避免说所有5′端必有磷酸。,What defines the 5′ end of a nucleic-acid strand?,"The end corresponding to the terminal sugar's 5′ position, often bearing phosphate.",How can you identify the two ends of the usual textbook nucleic-acid strand?,"The 3′ end has a free 3′-OH; the 5′ end has the terminal 5′ position, commonly bearing phosphate."
2.23,9780d4fc14b043,Structures & directionality,合并,2.22,与目标卡需要的知识相同；合并正反问法、同义定义或重复实例。,What defines the 3′ end of a nucleic-acid strand?,"The end corresponding to the terminal sugar's 3′ position, normally bearing a free 3′-OH.",,
2.24,2f341bd3464068,Structures & directionality,合并,2.26,与目标卡需要的知识相同；合并正反问法、同义定义或重复实例。,To which end is a nucleotide added during normal nucleic-acid synthesis?,The 3′ end.,,
2.25,f6458d640b2778,Structures & directionality,合并,2.26,与目标卡需要的知识相同；合并正反问法、同义定义或重复实例。,In which direction is a nucleic-acid strand synthesized?,5′→3′.,,
2.26,3807f7a049d9b5,Structures & directionality,重写,,合并方向口号、延伸端及旋转题，保留机制。,Why is extension at the 3′ end described as 5′→3′ synthesis?,The chain grows from its existing 5′ end toward its extending 3′ end.,Why is nucleic-acid synthesis described as 5′ → 3′?,"New nucleotides attach to the growing strand’s 3′-OH, extending its 3′ end."
2.27,22f497f52cc9df,Structures & directionality,保留,,保留独立学习目标；题干明确，答案简短。,"If the growing terminal nucleotide lacks a usable 3′-OH, what happens to normal extension?",It stops because the next backbone linkage cannot form there.,"If the growing terminal nucleotide lacks a usable 3′-OH, what happens to normal extension?",It stops because the next backbone linkage cannot form there.
2.28,5c150d4e66f55a,Structures & directionality,合并,2.26,与目标卡需要的知识相同；合并正反问法、同义定义或重复实例。,A strand reads 5′–A–G–C–3′. At which displayed end is the next nucleotide added?,"The right-hand end, at the terminal 3′-OH.",,
2.29,350d7ea3f9c25e,Structures & directionality,合并,2.26,与目标卡需要的知识相同；合并正反问法、同义定义或重复实例。,A strand is drawn 3′ on the left and 5′ on the right. Which end can extend?,The left-hand 3′ end.,,
2.30,6ca65e53a0240e,Structures & directionality,合并,2.26,与目标卡需要的知识相同；合并正反问法、同义定义或重复实例。,Does rotating a strand diagram change its chemical 5′→3′ direction?,"No; direction is determined by the end chemistry, not page orientation.",,
2.31,e6018055716e16,Structures & directionality,合并,2.32,与目标卡需要的知识相同；合并正反问法、同义定义或重复实例。,What does antiparallel mean for DNA's two strands?,They run in opposite 5′→3′ directions.,,
2.32,19778ed33b7663,Structures & directionality,重写,,用方向应用替代重复定义。,One DNA strand runs 5′→3′ from left to right. How does the other run from left to right?,3′→5′.,One DNA strand runs 5′ → 3′ along a given direction. How does its partner run along that same direction?,3′ → 5′: the strands are antiparallel.
2.33,c76e53724378eb,Structures & directionality,保留,,保留独立学习目标；题干明确，答案简短。,What does polymer polarity mean when discussing 5′ and 3′ ends?,The polymer has chemically different ends and therefore a direction.,What does polymer polarity mean when discussing 5′ and 3′ ends?,The polymer has chemically different ends and therefore a direction.
2.34,84d091bec0a6be,Structures & directionality,合并,2.33,与目标卡需要的知识相同；合并正反问法、同义定义或重复实例。,Does polymer polarity mean that one DNA end is positive and the other is negative?,No; it refers here to chemically different ends.,,
2.35,be6aa2575a1161,Structures & directionality,合并,1.97,与目标卡需要的知识相同；合并正反问法、同义定义或重复实例。,Which linkage holds successive nucleotides together within one strand?,Phosphodiester linkage.,,
2.36,fe7d64f96c0625,Structures & directionality,合并,1.32,与目标卡需要的知识相同；合并正反问法、同义定义或重复实例。,Which components alternate along a nucleic-acid backbone?,Sugars and phosphates.,,
2.37,c7e5872c754078,Structures & directionality,保留,,保留独立学习目标；题干明确，答案简短。,Are nitrogenous bases the repeating links of the sugar–phosphate backbone?,No; they attach to the sugars and project from the backbone.,Are nitrogenous bases the repeating links of the sugar–phosphate backbone?,No; they attach to the sugars and project from the backbone.
2.38,60f0b6c7fc1d2b,Structures & directionality,合并,2.41,与目标卡需要的知识相同；合并正反问法、同义定义或重复实例。,What four groups attach to an amino acid's α-carbon in the general course structure?,"An amino group, a carboxyl group, H, and an R group.",,
2.39,95b1af8dda9fce,Structures & directionality,保留,,保留独立学习目标；题干明确，答案简短。,Which part of an amino acid varies and determines many of its properties?,"The R group, or side chain.",Which part of an amino acid varies and determines many of its properties?,"The R group, or side chain."
2.40,e44ffb70071445,Structures & directionality,合并,2.41,与目标卡需要的知识相同；合并正反问法、同义定义或重复实例。,What is the α-carbon in the general amino-acid structure?,"The central carbon bonded to the amino group, carboxyl group, H, and R group.",,
2.41,a89fb0a7de7fa4,Structures & directionality,重写,,图像直接标出各部分，改为辨认可变部分而非重述整套组成。,Identify the building block H₂N–CH(R)–COOH.,An amino acid in its neutral schematic form.,"In this amino-acid structure, which substituent distinguishes one amino acid from another?",The R group attached to the α-carbon.
2.42,2df5ac7410c01a,Structures & directionality,合并,2.41,与目标卡需要的知识相同；合并正反问法、同义定义或重复实例。,Draw the general neutral schematic structure of an amino acid.,H₂N–CH(R)–COOH.,,
2.43,08365faa9e7bd7,Structures & directionality,重写,,将常见画法改为净电荷应用，避免重复两个官能团的质子化定义。,How can the amino and carboxyl groups appear in an ionized amino-acid drawing?,As –NH₃⁺ and –COO⁻.,"An amino acid has –NH₃⁺, –COO⁻, and an uncharged R group. What is its net charge?","Zero: the +1 and −1 charges cancel, although both groups are charged."
2.44,d92d1fd8150ea6,Structures & directionality,合并,2.39,与目标卡需要的知识相同；合并正反问法、同义定义或重复实例。,"If two amino acids have different R groups, must their general backbone groups differ?",No; the R groups vary while the general backbone arrangement is shared.,,
2.45,cd804a1daef1ae,Structures & directionality,重写,,合并两端定义；按骨架化学区分，不靠图片方位。,Which end of a polypeptide has the free backbone amino group?,The N-terminus.,How do you distinguish the N-terminus from the C-terminus in a peptide backbone?,The N-terminus has the free backbone amino group; the C-terminus has the free backbone carboxyl group.
2.46,697d5bd25c29bd,Structures & directionality,合并,2.45,与目标卡需要的知识相同；合并正反问法、同义定义或重复实例。,Which end of a polypeptide has the free backbone carboxyl group?,The C-terminus.,,
2.47,3245b7d50ca4ce,Structures & directionality,合并,2.48,与目标卡需要的知识相同；合并正反问法、同义定义或重复实例。,In which direction are protein sequences conventionally written?,N-terminus→C-terminus.,,
2.48,4c256c32e3cc30,Structures & directionality,保留,,保留独立学习目标；题干明确，答案简短。,To which end are new amino acids added during normal protein synthesis?,The C-terminal end.,To which end are new amino acids added during normal protein synthesis?,The C-terminal end.
2.49,24fd620b6c912c,Structures & directionality,重写,,保留反向结构应用；给出化学依据，消除猜图片位置。,A peptide is drawn with its N-terminus on the right. Which end normally grows?,The left-hand C-terminal end.,A peptide is drawn with its free backbone carboxyl group on the left. At which end is the next residue added?,"At the left-hand C-terminus; chemical identity determines direction, not page orientation."
2.50,0a644780fd07be,Structures & directionality,合并,1.53,与目标卡需要的知识相同；合并正反问法、同义定义或重复实例。,Which groups connect when two amino acids form a peptide linkage in the course model?,The carboxyl group of one and amino group of the other.,,
2.51,065d02bb0f13d6,Structures & directionality,合并,1.146,与目标卡需要的知识相同；合并正反问法、同义定义或重复实例。,What reaction type breaks a peptide chain into smaller pieces using water?,Hydrolysis.,,
2.52,3210d7638933e4,Structures & directionality,合并,1.145,与目标卡需要的知识相同；合并正反问法、同义定义或重复实例。,What reaction type describes joining free amino acids with net loss of water?,Condensation/dehydration in the simplified course model.,,
2.53,2cce0e6646d408,Structures & directionality,合并,2.54,与目标卡需要的知识相同；合并正反问法、同义定义或重复实例。,How many peptide bonds join three amino-acid residues in one unbranched chain?,Two.,,
2.54,c9fb7bdd206a68,Structures & directionality,重写,,以一次计算替代 n−1 与三肽的重复问法。,How many peptide bonds join n amino-acid residues in one unbranched chain?,n − 1.,"How many peptide bonds join 10 amino acids in one unbranched, noncyclic chain?",9 peptide bonds (n − 1).
2.55,efdb1c84a20974,Structures & directionality,保留,,保留独立学习目标；题干明确，答案简短。,Does an amino group on a side chain define the N-terminus?,No; the N-terminus is the free amino end of the backbone.,Does an amino group on a side chain define the N-terminus?,No; the N-terminus is the free amino end of the backbone.
2.56,570379d8e10754,Structures & directionality,删除,,重复并列核酸与蛋白质延伸端；分别已在 2.26 和 2.48 中检验，不增加新能力。,Compare the extending ends of nucleic acids and proteins.,Nucleic acids extend at the 3′ end; proteins extend at the C-terminal end.,,
2.57,a64da0827060b0,Structures & directionality,合并,1.108,与目标卡需要的知识相同；合并正反问法、同义定义或重复实例。,What simple sugar building blocks form disaccharides and polysaccharides?,Monosaccharides.,,
2.58,b73dee4b5dbc5c,Structures & directionality,合并,1.108,与目标卡需要的知识相同；合并正反问法、同义定义或重复实例。,To which broad biomolecule class does a monosaccharide belong?,Carbohydrates.,,
2.59,58f48c082bbd7a,Structures & directionality,合并,1.108,与目标卡需要的知识相同；合并正反问法、同义定义或重复实例。,Which linkage connects the sugar units of a disaccharide?,Glycosidic linkage.,,
2.60,9e9c1a58c8287e,Structures & directionality,保留,,保留独立学习目标；题干明确，答案简短。,Which disaccharide is made from two glucose units?,Maltose.,Which disaccharide is made from two glucose units?,Maltose.
2.61,ab39d8f81c82fb,Structures & directionality,合并,2.60,与目标卡需要的知识相同；合并正反问法、同义定义或重复实例。,Which monosaccharides make maltose?,Glucose + glucose.,,
2.62,78a4978c5da296,Structures & directionality,合并,2.66,与目标卡需要的知识相同；合并正反问法、同义定义或重复实例。,Which disaccharide contains glucose and galactose?,Lactose.,,
2.63,f66ce11aa69db3,Structures & directionality,合并,2.66,与目标卡需要的知识相同；合并正反问法、同义定义或重复实例。,Which monosaccharides make lactose?,Glucose + galactose.,,
2.64,6b4026496a665a,Structures & directionality,合并,2.67,与目标卡需要的知识相同；合并正反问法、同义定义或重复实例。,Which disaccharide contains glucose and fructose?,Sucrose.,,
2.65,4aefb69c6c15ef,Structures & directionality,合并,2.67,与目标卡需要的知识相同；合并正反问法、同义定义或重复实例。,Which monosaccharides make sucrose?,Glucose + fructose.,,
2.66,601c7a29f950be,Structures & directionality,保留,,保留独立学习目标；题干明确，答案简短。,Complete hydrolysis produces glucose and galactose from one course disaccharide. Which one?,Lactose.,Complete hydrolysis produces glucose and galactose from one course disaccharide. Which one?,Lactose.
2.67,dcf0a04543870b,Structures & directionality,保留,,保留独立学习目标；题干明确，答案简短。,Complete hydrolysis produces glucose and fructose from one course disaccharide. Which one?,Sucrose.,Complete hydrolysis produces glucose and fructose from one course disaccharide. Which one?,Sucrose.
2.68,c3ec1c33999669,Structures & directionality,保留,,保留独立学习目标；题干明确，答案简短。,Which polysaccharide is used for glucose storage in plants?,Starch.,Which polysaccharide is used for glucose storage in plants?,Starch.
2.69,38be5498376620,Structures & directionality,合并,1.121,与目标卡需要的知识相同；合并正反问法、同义定义或重复实例。,Which main-chain linkage is characteristic of starch?,α(1→4).,,
2.70,fa6da13a99c542,Structures & directionality,合并,2.79,与目标卡需要的知识相同；合并正反问法、同义定义或重复实例。,Which branched component of starch contains α(1→6) branch points?,Amylopectin.,,
2.71,27fcd7dd219ea9,Structures & directionality,合并,1.121,与目标卡需要的知识相同；合并正反问法、同义定义或重复实例。,Which linkage forms the main chains of amylopectin?,α(1→4).,,
2.72,b66d7ce29b63f5,Structures & directionality,合并,1.122,与目标卡需要的知识相同；合并正反问法、同义定义或重复实例。,Which linkage marks the branch points of amylopectin?,α(1→6).,,
2.73,98dacf898c143d,Structures & directionality,合并,2.79,与目标卡需要的知识相同；合并正反问法、同义定义或重复实例。,Are starch and amylopectin entirely separate categories?,No; amylopectin is a branched component of starch.,,
2.74,7e307e6db60050,Structures & directionality,合并,1.123,与目标卡需要的知识相同；合并正反问法、同义定义或重复实例。,Which glucose polymer contains β(1→4) linkages?,Cellulose.,,
2.75,adc532774fc4ea,Structures & directionality,保留,,保留独立学习目标；题干明确，答案简短。,What is cellulose's main course-level biological role?,Structural support in plant cell walls.,What is cellulose's main course-level biological role?,Structural support in plant cell walls.
2.76,78bb2ba9123145,Structures & directionality,合并,2.75,与目标卡需要的知识相同；合并正反问法、同义定义或重复实例。,Which plant polysaccharide forms long structural fibres?,Cellulose.,,
2.77,4d79ab08c12f14,Structures & directionality,重写,,合并单体相同、位置编号相同和构型不同的重复问法。,What linkage difference distinguishes starch main chains from cellulose?,Starch has α(1→4); cellulose has β(1→4).,What linkage difference distinguishes starch from cellulose even though both contain glucose?,Starch has α(1→4) main-chain linkages; cellulose has β(1→4) linkages.
2.78,c931681158fde6,Structures & directionality,合并,2.77,与目标卡需要的知识相同；合并正反问法、同义定义或重复实例。,Do starch and cellulose differ because one uses glucose and the other does not?,"No; both use glucose, but their linkage configurations differ.",,
2.79,c0d12ef23c1520,Structures & directionality,保留,,保留独立学习目标；题干明确，答案简短。,A plant glucose polymer has α(1→4) chains and α(1→6) branches. Identify it.,Amylopectin.,A plant glucose polymer has α(1→4) chains and α(1→6) branches. Identify it.,Amylopectin.
2.80,c27ea1e246eb76,Structures & directionality,合并,2.75,与目标卡需要的知识相同；合并正反问法、同义定义或重复实例。,A plant glucose polymer has β(1→4) linkages and forms fibres. Identify it.,Cellulose.,,
2.81,30ab9517edf5ed,Structures & directionality,合并,1.126,与目标卡需要的知识相同；合并正反问法、同义定义或重复实例。,Why can two polymers made from glucose have different biological roles?,Different linkage geometries produce different structures and enzyme recognition.,,
2.82,b7e9b1efdc7e8c,Structures & directionality,保留,,保留独立学习目标；题干明确，答案简短。,An enzyme recognizes α(1→4) linkages. Does that guarantee it can cleave β(1→4)?,No; the different geometry may prevent recognition.,An enzyme recognizes α(1→4) linkages. Does that guarantee it can cleave β(1→4)?,No; the different geometry may prevent recognition.
2.83,1e34614c3e6692,Structures & directionality,保留,,保留独立学习目标；题干明确，答案简短。,An enzyme cleaves only α(1→4) bonds in amylopectin. Which branch-point linkage remains uncleaved by it?,α(1→6).,An enzyme cleaves only α(1→4) bonds in amylopectin. Which branch-point linkage remains uncleaved by it?,α(1→6).
2.84,4324cb6da6d7d0,Structures & directionality,合并,2.77,与目标卡需要的知识相同；合并正反问法、同义定义或重复实例。,"After complete hydrolysis, both starch and cellulose yield glucose. Does that establish that their linkages were identical?",No; monomer identity does not specify linkage geometry.,,
2.85,ce6dbf1dc54b0c,Structures & directionality,合并,1.122,与目标卡需要的知识相同；合并正反问法、同义定义或重复实例。,What distinguishes a branch connection in amylopectin from its main-chain connection?,The second glucose contributes C6 at a branch instead of C4.,,
3.1,567c7314d54f2d,Lipids & membranes,保留,,保留独立学习目标；题干明确，答案简短。,Why are lipids not classified as conventional repeating-monomer polymers?,Their diverse structures do not generally consist of long chains of identical repeating monomers.,Why are lipids not classified as conventional repeating-monomer polymers?,Their diverse structures do not generally consist of long chains of identical repeating monomers.
3.2,a2174c4b23f17c,Lipids & membranes,保留,,保留独立学习目标；题干明确，答案简短。,What two regions make up a fatty acid?,A hydrocarbon region and a carboxyl group.,What two regions make up a fatty acid?,A hydrocarbon region and a carboxyl group.
3.3,d9d0865dba9d3d,Lipids & membranes,合并,1.44,与目标卡需要的知识相同；合并正反问法、同义定义或重复实例。,Which region of a fatty acid is mainly nonpolar?,The hydrocarbon chain.,,
3.4,c1e342d19c4e8a,Lipids & membranes,合并,1.18,与目标卡需要的知识相同；合并正反问法、同义定义或重复实例。,Which region of a fatty acid can ionize in water?,The carboxyl group.,,
3.5,ac446bfb05b77a,Lipids & membranes,合并,1.13,与目标卡需要的知识相同；合并正反问法、同义定义或重复实例。,Complete the equilibrium: COOH ⇌ ____ + H⁺.,COO⁻.,,
3.6,8b7b0441de337d,Lipids & membranes,保留,,保留独立学习目标；题干明确，答案简短。,Does ionizing a fatty acid's carboxyl group make its hydrocarbon chain polar?,No; the chain remains mainly nonpolar.,Does ionizing a fatty acid's carboxyl group make its hydrocarbon chain polar?,No; the chain remains mainly nonpolar.
3.7,e10e07506c0eb5,Lipids & membranes,合并,3.14,与目标卡需要的知识相同；合并正反问法、同义定义或重复实例。,What components make one triacylglycerol?,One glycerol and three fatty acids.,,
3.8,09d35709dd17ee,Lipids & membranes,保留,,保留独立学习目标；题干明确，答案简短。,How many hydroxyl groups does glycerol have before esterification?,Three.,How many hydroxyl groups does glycerol have before esterification?,Three.
3.9,c573281bc85cdc,Lipids & membranes,保留,,保留独立学习目标；题干明确，答案简短。,How many ester linkages attach fatty acids in one triacylglycerol?,Three.,How many ester linkages attach fatty acids in one triacylglycerol?,Three.
3.10,2fdfd7d5bf6b80,Lipids & membranes,保留,,保留独立学习目标；题干明确，答案简短。,What is the primary role of triacylglycerols in this unit?,Energy storage.,What is the primary role of triacylglycerols in this unit?,Energy storage.
3.11,1db8b5f791fc73,Lipids & membranes,合并,3.14,与目标卡需要的知识相同；合并正反问法、同义定义或重复实例。,Which lipid combines glycerol with three fatty acids through ester linkages?,Triacylglycerol.,,
3.12,bc8a67db7ca445,Lipids & membranes,合并,1.69,与目标卡需要的知识相同；合并正反问法、同义定义或重复实例。,What net reaction joins glycerol hydroxyls to fatty-acid carboxyls?,Esterification by condensation/dehydration.,,
3.13,ed97f6cf8955db,Lipids & membranes,保留,,保留独立学习目标；题干明确，答案简短。,"In the simplified formation of one triacylglycerol from glycerol and three free fatty acids, how many waters are released?","Three, one per ester linkage.","In the simplified formation of one triacylglycerol from glycerol and three free fatty acids, how many waters are released?","Three, one per ester linkage."
3.14,aedbcf85cfccda,Lipids & membranes,重写,,用水解情境整合重复的组成正反问。,What are the products of complete triacylglycerol hydrolysis in the course model?,Glycerol and three fatty acids.,What products result from complete hydrolysis of one triacylglycerol in the course model?,"Glycerol and three fatty acids (or their carboxylates, depending on pH)."
3.15,b1cf0c663cd7ad,Lipids & membranes,删除,,仅判断脂肪酸链长可以变化，辨别力低；没有独立的课程应用目标。,Can the three fatty-acid chains of a triacylglycerol vary in length?,Yes.,,
3.16,f56c1d412b2944,Lipids & membranes,合并,3.17,与目标卡需要的知识相同；合并正反问法、同义定义或重复实例。,What does hydrophilic mean?,Interacts favorably with water.,,
3.17,0f84875c2ea96c,Lipids & membranes,保留,,保留独立学习目标；题干明确，答案简短。,What chemical features usually make a region hydrophilic?,Polar bonds or ionic charges.,What chemical features usually make a region hydrophilic?,Polar bonds or ionic charges.
3.18,a15a5fe90eec93,Lipids & membranes,合并,1.44,与目标卡需要的知识相同；合并正反问法、同义定义或重复实例。,What does hydrophobic mean?,Interacts poorly with water relative to polar or charged regions.,,
3.19,ad1e7e3ea4d3ba,Lipids & membranes,合并,1.44,与目标卡需要的知识相同；合并正反问法、同义定义或重复实例。,What chemical features usually make a region hydrophobic?,"A largely nonpolar, uncharged structure.",,
3.20,e273dd91cfc36b,Lipids & membranes,合并,3.21,与目标卡需要的知识相同；合并正反问法、同义定义或重复实例。,What does amphipathic mean?,Having both hydrophilic and hydrophobic regions.,,
3.21,fb0a5f24c56649,Lipids & membranes,保留,,保留独立学习目标；题干明确，答案简短。,A molecule has a polar head and nonpolar tails. What term describes this arrangement?,Amphipathic.,A molecule has a polar head and nonpolar tails. What term describes this arrangement?,Amphipathic.
3.22,f88e00619c868c,Lipids & membranes,合并,3.21,与目标卡需要的知识相同；合并正反问法、同义定义或重复实例。,Which course example is amphipathic: soap or a hydrocarbon-only oil molecule?,Soap.,,
3.23,d1cf2fb1ab82e5,Lipids & membranes,合并,3.36,与目标卡需要的知识相同；合并正反问法、同义定义或重复实例。,Which part of a typical phospholipid faces water in a membrane?,The hydrophilic head region.,,
3.24,ad647e5e69dec7,Lipids & membranes,合并,3.36,与目标卡需要的知识相同；合并正反问法、同义定义或重复实例。,Which part of a typical phospholipid avoids exposure to water?,The hydrocarbon tails.,,
3.25,982f374197fcf2,Lipids & membranes,重写,,用明确分子取代“整个 glycerol 都是 head”的模糊归类。,What components form the polar region of the course's glycerol-based phospholipid?,"The polar head group, phosphate, and oxygen-containing glycerol region.",Which parts make the head region of phosphatidylcholine hydrophilic?,"Its charged phosphate and choline groups, plus nearby polar oxygen-containing bonds."
3.26,d52b1100080767,Lipids & membranes,保留,,保留独立学习目标；题干明确，答案简短。,What backbone connects the head region and fatty-acid chains in a glycerol-based phospholipid?,Glycerol.,What backbone connects the head region and fatty-acid chains in a glycerol-based phospholipid?,Glycerol.
3.27,a0a1d51a3ad0cf,Lipids & membranes,保留,,保留独立学习目标；题干明确，答案简短。,Which head-group component is named in phosphatidylcholine?,Choline.,Which head-group component is named in phosphatidylcholine?,Choline.
3.28,03745188ed50be,Lipids & membranes,保留,,保留独立学习目标；题干明确，答案简短。,How many fatty-acid tails does the typical glycerol-based phospholipid in this unit have?,Two.,How many fatty-acid tails does the typical glycerol-based phospholipid in this unit have?,Two.
3.29,906fec9e02fcd2,Lipids & membranes,合并,1.77,与目标卡需要的知识相同；合并正反问法、同义定义或重复实例。,What linkage attaches each fatty acid to glycerol in the course's typical phospholipid?,Ester linkage.,,
3.30,6eb97eac05a8e3,Lipids & membranes,保留,,保留独立学习目标；题干明确，答案简短。,Can an overall electrically neutral phospholipid still have a hydrophilic head?,Yes; its head can contain polar bonds and opposite charges.,Can an overall electrically neutral phospholipid still have a hydrophilic head?,Yes; its head can contain polar bonds and opposite charges.
3.31,76fa67952b2174,Lipids & membranes,保留,,保留独立学习目标；题干明确，答案简短。,What kind of fatty-acid double bond commonly creates a kink?,A cis double bond.,What kind of fatty-acid double bond commonly creates a kink?,A cis double bond.
3.32,6fe7c5d10c6744,Lipids & membranes,合并,3.31,与目标卡需要的知识相同；合并正反问法、同义定义或重复实例。,Does every possible C=C arrangement necessarily create the same kink?,No; the course's bent-tail drawing represents a cis double bond.,,
3.33,67dd298e2cfb30,Lipids & membranes,保留,,保留独立学习目标；题干明确，答案简短。,"Compared with straight tails, how do kinked tails affect close packing?",They make close packing more difficult.,"Compared with straight tails, how do kinked tails affect close packing?",They make close packing more difficult.
3.34,ad196db3d6d40a,Lipids & membranes,保留,,保留独立学习目标；题干明确，答案简短。,Why is an isolated single phospholipid sheet unstable when water surrounds it on both sides?,Its tails would be exposed to water on one side.,Why is an isolated single phospholipid sheet unstable when water surrounds it on both sides?,Its tails would be exposed to water on one side.
3.35,17097505972a73,Lipids & membranes,合并,3.36,与目标卡需要的知识相同；合并正反问法、同义定义或重复实例。,"In a bilayer, where do the hydrophilic heads point?",Toward water on both outer surfaces.,,
3.36,ed74b0120f3b19,Lipids & membranes,重写,,把两半方向题合为同一个空间关系；不依赖图片上下。,"In a bilayer, where do the hydrophobic tails point?","Inward, toward one another and away from water.",How are phospholipid heads and tails oriented in a bilayer surrounded by water?,"Heads face water on both sides; tails face inward, away from water."
3.37,82fd5793490c78,Lipids & membranes,保留,,保留独立学习目标；题干明确，答案简短。,What is a leaflet?,One of the two phospholipid layers making up a bilayer.,What is a leaflet?,One of the two phospholipid layers making up a bilayer.
3.38,263778028d750a,Lipids & membranes,合并,3.37,与目标卡需要的知识相同；合并正反问法、同义定义或重复实例。,How many leaflets make one bilayer?,Two.,,
3.39,94dcf31dec5197,Lipids & membranes,合并,3.49,与目标卡需要的知识相同；合并正反问法、同义定义或重复实例。,What is a liposome?,A closed phospholipid bilayer enclosing an aqueous cavity.,,
3.40,eba3b50113245b,Lipids & membranes,合并,3.44,与目标卡需要的知识相同；合并正反问法、同义定义或重复实例。,What is inside a liposome's central cavity?,Water and potentially dissolved substances.,,
3.41,2be1ebe4e9fc63,Lipids & membranes,合并,3.44,与目标卡需要的知识相同；合并正反问法、同义定义或重复实例。,Is a liposome's central cavity the same as its hydrophobic bilayer interior?,"No; the cavity is aqueous, while the tails occupy the bilayer itself.",,
3.42,023d5af77516be,Lipids & membranes,合并,3.44,与目标卡需要的知识相同；合并正反问法、同义定义或重复实例。,What is a micelle?,An aggregate with hydrophilic heads outside and hydrophobic tails packed inward.,,
3.43,f82e5994a712a4,Lipids & membranes,合并,3.44,与目标卡需要的知识相同；合并正反问法、同义定义或重复实例。,Does a typical micelle have an aqueous central cavity?,No; its core is hydrophobic.,,
3.44,57cac6a435cc5b,Lipids & membranes,保留,,保留独立学习目标；题干明确，答案简短。,Which course aggregate has an aqueous cavity: a micelle or a liposome?,A liposome.,Which course aggregate has an aqueous cavity: a micelle or a liposome?,A liposome.
3.45,f1e7517075c3aa,Lipids & membranes,重写,,合并形状偏好，保留分子形状→组装方式的原因。,Which molecular shape favors micelles in the course notes?,A bulky hydrophilic head with a single hydrophobic tail.,Why do single-tail amphiphiles with bulky heads often favor micelles over bilayers?,"Their cone-like shape packs well around a curved, tail-filled core."
3.46,e6336aad7cf1ef,Lipids & membranes,合并,3.45,与目标卡需要的知识相同；合并正反问法、同义定义或重复实例。,Which arrangement is favored by the typical two-tailed phospholipids in this unit?,A bilayer.,,
3.47,225b5653b5c01a,Lipids & membranes,保留,,保留独立学习目标；题干明确，答案简短。,Why can closing a bilayer into a liposome be favorable?,It removes exposed edges where hydrophobic tails could contact water.,Why can closing a bilayer into a liposome be favorable?,It removes exposed edges where hydrophobic tails could contact water.
3.48,d1bc2fbbbf1c38,Lipids & membranes,保留,,保留独立学习目标；题干明确，答案简短。,A circular cross-section has one layer of heads outside and tails filling the center. Identify the aggregate.,Micelle.,A circular cross-section has one layer of heads outside and tails filling the center. Identify the aggregate.,Micelle.
3.49,f6121927923603,Lipids & membranes,保留,,保留独立学习目标；题干明确，答案简短。,A circular cross-section has heads facing both the outside water and a water-filled center. Identify the aggregate.,Liposome.,A circular cross-section has heads facing both the outside water and a water-filled center. Identify the aggregate.,Liposome.
3.50,abeb9f912b64b4,Lipids & membranes,合并,3.37,与目标卡需要的知识相同；合并正反问法、同义定义或重复实例。,Does one lipid bilayer mean two separate membranes?,No; its two leaflets form one membrane bilayer.,,
3.51,1d5571994c1bb9,Lipids & membranes,重写,,合并双膜与四叶层的机械重复。,What does a mitochondrial double membrane mean?,Two separate bilayers with an intermembrane space between them.,How many bilayers make up the mitochondrial double membrane?,"Two separate bilayers, with an intermembrane space between them (four leaflets total)."
3.52,7342ca0f17076f,Lipids & membranes,合并,3.51,与目标卡需要的知识相同；合并正反问法、同义定义或重复实例。,How many leaflets are present across two separate bilayers?,Four.,,
3.53,b4812ce1553424,Lipids & membranes,重写,,纠正原课堂笔记“折起来的一层”的误解；补明确的双膜例子，替代不完整的举例清单。,Which two course organelle groups have double membranes?,Mitochondria and plastids.,Does the nuclear envelope contain one bilayer or two?,Two bilayers: the inner and outer nuclear membranes. The outer membrane is continuous with the ER.
3.54,5b050dd82bc5cc,Lipids & membranes,保留,,保留独立学习目标；题干明确，答案简短。,Name a course organelle surrounded by a single membrane bilayer.,"ER, Golgi, or lysosome.",Name a course organelle surrounded by a single membrane bilayer.,"ER, Golgi, or lysosome."
3.55,8ded866480167a,Lipids & membranes,保留,,保留独立学习目标；题干明确，答案简短。,What membrane property helps maintain cellular homeostasis?,Selective permeability.,What membrane property helps maintain cellular homeostasis?,Selective permeability.
3.56,42ef811661675b,Lipids & membranes,合并,3.59,与目标卡需要的知识相同；合并正反问法、同义定义或重复实例。,What creates the main barrier to ions in a lipid bilayer?,Its hydrophobic interior.,,
3.57,dbe974593b2efc,Lipids & membranes,保留,,保留独立学习目标；题干明确，答案简短。,Which passes through a lipid bilayer more easily: O₂ or Na⁺?,O₂; it is small and nonpolar.,Which passes through a lipid bilayer more easily: O₂ or Na⁺?,O₂; it is small and nonpolar.
3.58,1c36c3640b6bce,Lipids & membranes,重写,,合并水能否透过与水通道名称，考查功能解释。,Can water cross a lipid bilayer at all without a channel?,"Yes, to a limited extent; aquaporins enable much faster movement.",Why does adding aquaporins increase water transport across a membrane?,Water can cross the lipid bilayer slowly; aquaporin channels provide a much faster pathway.
3.59,353300d67cbfc7,Lipids & membranes,重写,,保留屏障机制，区别于O₂和Na⁺的具体通透性比较。,Why do many polar solutes need membrane transport proteins?,The hydrophobic bilayer interior strongly limits their direct passage.,Why do ions usually need transport proteins to cross a lipid bilayer?,"The hydrophobic interior is energetically unfavorable for charged, hydrated ions."
3.60,c88e0cacd1b53f,Lipids & membranes,保留,,保留独立学习目标；题干明确，答案简短。,What two membrane components together determine selective permeability?,The lipid bilayer and membrane proteins.,What two membrane components together determine selective permeability?,The lipid bilayer and membrane proteins.
3.61,edfb4e1bbe486a,Lipids & membranes,重写,,合并两个独立定义为机制比较。,What kind of protein forms a selective aqueous passage across a membrane?,A channel protein.,How does a carrier move a solute differently from a channel?,A carrier binds the solute and changes conformation; a channel provides a selective pore.
3.62,d160e19b769fa3,Lipids & membranes,合并,3.61,与目标卡需要的知识相同；合并正反问法、同义定义或重复实例。,What kind of transport protein binds a solute and changes shape to move it?,A carrier protein.,,
3.63,5b682f6fafb0f7,Lipids & membranes,合并,3.58,与目标卡需要的知识相同；合并正反问法、同义定义或重复实例。,What are aquaporins specialized to transport?,Water.,,
3.64,0a452a9d71d327,Lipids & membranes,保留,,保留独立学习目标；题干明确，答案简短。,Does movement through a membrane protein automatically mean active transport?,No; facilitated diffusion also uses proteins.,Does movement through a membrane protein automatically mean active transport?,No; facilitated diffusion also uses proteins.
3.65,9e9a02f1776b43,Lipids & membranes,保留,,保留独立学习目标；题干明确，答案简短。,What distinguishes simple from facilitated diffusion?,Simple diffusion crosses the lipid bilayer; facilitated diffusion uses a membrane protein.,What distinguishes simple from facilitated diffusion?,Simple diffusion crosses the lipid bilayer; facilitated diffusion uses a membrane protein.
3.66,7737296cc9679e,Lipids & membranes,合并,3.64,与目标卡需要的知识相同；合并正反问法、同义定义或重复实例。,Does facilitated diffusion directly require ATP?,No; it moves substances down their gradient.,,
3.67,0700ae8fe9b43f,Lipids & membranes,保留,,保留独立学习目标；题干明确，答案简短。,"At diffusion equilibrium, do molecules stop moving?",No; movement continues in both directions with no net movement.,"At diffusion equilibrium, do molecules stop moving?",No; movement continues in both directions with no net movement.
3.68,1a1629ee8c2db1,Lipids & membranes,保留,,保留独立学习目标；题干明确，答案简短。,What distinguishes active transport from passive transport?,Active transport uses energy to move a substance against its gradient.,What distinguishes active transport from passive transport?,Active transport uses energy to move a substance against its gradient.
3.69,d07897c49018fb,Lipids & membranes,保留,,保留独立学习目标；题干明确，答案简短。,Where does primary active transport obtain energy directly?,"ATP, in the course examples.",Where does primary active transport obtain energy directly?,"ATP, in the course examples."
3.70,90da1a73dcadd2,Lipids & membranes,合并,3.71,与目标卡需要的知识相同；合并正反问法、同义定义或重复实例。,Where does secondary active transport obtain its immediate energy?,An ion moving down its electrochemical gradient.,,
3.71,0f1df698561d7c,Lipids & membranes,保留,,保留独立学习目标；题干明确，答案简短。,Why can secondary active transport be active even without direct ATP use?,It couples downhill ion movement to uphill movement of another solute.,Why can secondary active transport be active even without direct ATP use?,It couples downhill ion movement to uphill movement of another solute.
3.72,32c14042b89659,Lipids & membranes,保留,,保留独立学习目标；题干明确，答案简短。,What two differences make up an electrochemical gradient?,Ion concentration difference and electrical potential difference.,What two differences make up an electrochemical gradient?,Ion concentration difference and electrical potential difference.
3.73,e3fd8784d03c2b,Lipids & membranes,合并,3.74,与目标卡需要的知识相同；合并正反问法、同义定义或重复实例。,What is osmosis?,Net water movement across a selectively permeable membrane.,,
3.74,29480d7477adf4,Lipids & membranes,重写,,明确不可透溶质和压力前提，避免只说总溶质浓度。,"With equal pressure and impermeant solute, toward which side does water move by osmosis?",Toward the side with higher effective solute concentration.,"A membrane passes water but not solute. Side A has more solute than B, with equal pressure. Which way is net water flow?","From B to A, toward the higher concentration of nonpenetrating solute."
3.75,6094adf0179c40,Lipids & membranes,重写,,保留细胞应用，合并正反方向题；与跨膜水运动原理分开。,What happens to an animal cell in a hypotonic solution?,Water enters and the cell swells; severe swelling can cause lysis.,An animal cell enters a hypotonic solution. What happens to its volume?,Water enters by osmosis; the cell swells and may lyse.
3.76,18de9ea33bb96e,Lipids & membranes,合并,3.75,与目标卡需要的知识相同；合并正反问法、同义定义或重复实例。,What happens to an animal cell in a hypertonic solution?,Water leaves and the cell shrinks.,,
3.77,0031609fcf1dcb,Lipids & membranes,合并,3.67,与目标卡需要的知识相同；合并正反问法、同义定义或重复实例。,What happens to net water movement in an isotonic solution?,"There is no net water movement, although water still moves both ways.",,
3.78,7664b2ee0eb6e6,Lipids & membranes,保留,,保留独立学习目标；题干明确，答案简短。,Why do ion pumps help cells regulate their volume?,Ion concentrations affect osmotic water movement.,Why do ion pumps help cells regulate their volume?,Ion concentrations affect osmotic water movement.
3.79,54fbc9d4e2d114,Lipids & membranes,保留,,保留独立学习目标；题干明确，答案简短。,What does a contractile vacuole do in a freshwater protist?,Collects and expels excess water.,What does a contractile vacuole do in a freshwater protist?,Collects and expels excess water.
3.80,73261e2e8607e6,Lipids & membranes,合并,3.81,与目标卡需要的知识相同；合并正反问法、同义定义或重复实例。,What is turgor pressure?,Outward pressure of cell contents against the plant cell wall.,,
3.81,6a065c7fe8a263,Lipids & membranes,重写,,把 turgor 定义与细胞壁作用合成因果题。,How does a plant cell wall limit swelling?,It resists expansion and pushes back against turgor pressure.,Why does a plant cell wall limit osmotic swelling?,"As water enters, the wall resists expansion; rising turgor pressure opposes further net water entry."
3.82,4098901fa99719,Lipids & membranes,保留,,保留独立学习目标；题干明确，答案简短。,What protein framework helps maintain cell shape?,The cytoskeleton.,What protein framework helps maintain cell shape?,The cytoskeleton.
4.1,51c205a924a7ca,Hydrophobic effect,删除,,70% 的孤立比例记忆不是本单元需要检验的机制。,About what fraction of cell mass is water in the course notes?,About 70%.,,
4.2,554d6a4793a52c,Hydrophobic effect,保留,,保留独立学习目标；题干明确，答案简短。,What noncovalent interaction do water molecules form with one another?,Hydrogen bonds.,What noncovalent interaction do water molecules form with one another?,Hydrogen bonds.
4.3,f4d04fe5cdffbf,Hydrophobic effect,合并,1.44,与目标卡需要的知识相同；合并正反问法、同义定义或重复实例。,Does calling water a universal solvent mean it dissolves every substance well?,No; nonpolar substances often dissolve poorly.,,
4.4,1af56c9d74a274,Hydrophobic effect,合并,4.23,与目标卡需要的知识相同；合并正反问法、同义定义或重复实例。,What effect is central to spontaneous bilayer assembly in water?,The hydrophobic effect.,,
4.5,686c80fded1187,Hydrophobic effect,重写,,把符号碎片定义改为理解能量平衡的一题。,Write the Gibbs free-energy equation used in this unit.,ΔG = ΔH − TΔS.,"In ΔG = ΔH − TΔS, what competes with the enthalpy change?",The entropy contribution −TΔS; T is absolute temperature and ΔS is the system’s entropy change.
4.6,79c75976372b07,Hydrophobic effect,合并,4.5,与目标卡需要的知识相同；合并正反问法、同义定义或重复实例。,What does ΔG represent?,The change in Gibbs free energy.,,
4.7,b812286b9a3bac,Hydrophobic effect,合并,4.5,与目标卡需要的知识相同；合并正反问法、同义定义或重复实例。,What does ΔH represent?,The enthalpy change; heat absorbed or released at constant pressure.,,
4.8,1117cc6c40c17b,Hydrophobic effect,合并,4.5,与目标卡需要的知识相同；合并正反问法、同义定义或重复实例。,What does ΔS represent?,The entropy change of the system being considered.,,
4.9,7113d60a8f8bf3,Hydrophobic effect,保留,,保留独立学习目标；题干明确，答案简短。,What temperature scale is required in ΔG = ΔH − TΔS?,Kelvin.,What temperature scale is required in ΔG = ΔH − TΔS?,Kelvin.
4.10,27108b918ef021,Hydrophobic effect,重写,,明确条件并消除“更稳定所以一定很快”的误解。,What does ΔG < 0 mean at constant temperature and pressure?,The process is thermodynamically favorable in the stated direction.,"At constant temperature and pressure, what does ΔG < 0 tell you?",The process is thermodynamically favorable in the forward direction; it says nothing about its speed.
4.11,8f6152621fe709,Hydrophobic effect,合并,4.10,与目标卡需要的知识相同；合并正反问法、同义定义或重复实例。,What does ΔG > 0 mean for the stated process under those conditions?,It is thermodynamically unfavorable without coupling or changed conditions.,,
4.12,6043b7dda7cb5e,Hydrophobic effect,合并,4.10,与目标卡需要的知识相同；合并正反问法、同义定义或重复实例。,What does ΔG = 0 indicate at equilibrium?,No net thermodynamic driving force in either direction.,,
4.13,5940057e72d6ec,Hydrophobic effect,保留,,保留独立学习目标；题干明确，答案简短。,Does spontaneous mean instantaneous or fast?,"No; spontaneity describes thermodynamic favorability, not rate.",Does spontaneous mean instantaneous or fast?,"No; spontaneity describes thermodynamic favorability, not rate."
4.14,32a4059e00220b,Hydrophobic effect,合并,4.49,与目标卡需要的知识相同；合并正反问法、同义定义或重复实例。,Does spontaneous bilayer assembly require zero molecular motion?,No; molecular motion allows lipids to rearrange.,,
4.15,6bd1135dad77c9,Hydrophobic effect,重写,,保留微观机制，标明是课程简化模型；去除方位猜测。,What happens to nearby water when an isolated hydrophobic tail is exposed in the course model?,Water becomes more ordered and its motion is restricted.,"In the lecture model, why does water near exposed nonpolar tails have lower entropy?",Its possible arrangements and motion are more constrained around the nonpolar surfaces.
4.16,a9fbeeaac6a83d,Hydrophobic effect,合并,4.15,与目标卡需要的知识相同；合并正反问法、同义定义或重复实例。,How does ordering water around exposed hydrophobic tails affect water entropy?,It lowers water entropy.,,
4.17,32046cda4db954,Hydrophobic effect,合并,4.18,与目标卡需要的知识相同；合并正反问法、同义定义或重复实例。,"When many hydrophobic tails aggregate, what happens to the total tail surface exposed to water?",It decreases.,,
4.18,7d407d6f2143fe,Hydrophobic effect,重写,,合并表面积、水释放、自由度增加的重复叙述为一个因果问题。,Why are water molecules released when hydrophobic tails aggregate?,"Less hydrophobic surface remains exposed, so fewer waters must organize around it.",Why does burying hydrophobic tails increase water entropy in the lecture model?,"Less nonpolar surface contacts water, releasing constrained water molecules into the bulk."
4.19,138fe49b358fe5,Hydrophobic effect,合并,4.18,与目标卡需要的知识相同；合并正反问法、同义定义或重复实例。,What happens to the freedom of released water molecules?,They become freer to move and arrange themselves.,,
4.20,dd0bbf87ad343d,Hydrophobic effect,合并,4.18,与目标卡需要的知识相同；合并正反问法、同义定义或重复实例。,What is the sign of ΔS_water during aggregation in the lecture model?,Positive.,,
4.21,60e71b5b7c7b03,Hydrophobic effect,合并,4.22,与目标卡需要的知识相同；合并正反问法、同义定义或重复实例。,What is the sign of ΔS_lipids during ordered bilayer assembly in the lecture model?,Negative.,,
4.22,fc12e8fec9d95d,Hydrophobic effect,保留,,保留独立学习目标；题干明确，答案简短。,Why can lipid entropy decrease during assembly?,Lipids become more constrained in the organized aggregate.,Why can lipid entropy decrease during assembly?,Lipids become more constrained in the organized aggregate.
4.23,05ecfd7770ef1b,Hydrophobic effect,重写,,保留脂质与水的熵比较；不与结构识别混合。,"In the lecture model, which entropy change is larger in magnitude during favorable assembly?",The increase in water entropy exceeds the decrease in lipid entropy.,How can bilayer formation be favored even though lipid entropy decreases?,The increase in water entropy can outweigh the decrease in lipid entropy.
4.24,ec3fdbbe0df310,Hydrophobic effect,合并,4.23,与目标卡需要的知识相同；合并正反问法、同义定义或重复实例。,"When adding water and lipid entropy changes, what is the sign of total ΔS in the lecture model?",Positive.,,
4.25,7cd8342fe7f231,Hydrophobic effect,合并,4.23,与目标卡需要的知识相同；合并正反问法、同义定义或重复实例。,Why is looking only at lipid order insufficient to judge bilayer formation?,The surrounding water contributes to the system's entropy change too.,,
4.26,8093cc184b9121,Hydrophobic effect,合并,4.27,与目标卡需要的知识相同；合并正反问法、同义定义或重复实例。,"If ΔS is positive and T is positive, what is the sign of −TΔS?",Negative.,,
4.27,0e5b77fe4b1d33,Hydrophobic effect,重写,,合并熵项符号和有利性两个同义问法。,How can an increase in total entropy favor bilayer assembly?,"It makes −TΔS more negative, lowering ΔG.",How does a positive ΔS affect ΔG when ΔH and T are fixed?,It makes −TΔS negative and lowers ΔG.
4.28,2a69fa91b97e59,Hydrophobic effect,保留,,保留独立学习目标；题干明确，答案简短。,Does a positive ΔS alone guarantee a negative ΔG?,No; ΔH must also be included in ΔG = ΔH − TΔS.,Does a positive ΔS alone guarantee a negative ΔG?,No; ΔH must also be included in ΔG = ΔH − TΔS.
4.29,1140eea83181e7,Hydrophobic effect,合并,4.23,与目标卡需要的知识相同；合并正反问法、同义定义或重复实例。,What is the lecture's main explanation for hydrophobic-tail aggregation?,"Aggregation releases ordered water, increasing water entropy enough to favor assembly.",,
4.30,c8825f6d0e9a35,Hydrophobic effect,合并,4.50,与目标卡需要的知识相同；合并正反问法、同义定义或重复实例。,Do tails aggregate because water forms covalent bonds between them?,No; assembly is driven by noncovalent interactions and the hydrophobic effect.,,
4.31,0ad47159ebd293,Hydrophobic effect,合并,4.23,与目标卡需要的知识相同；合并正反问法、同义定义或重复实例。,Are strong special bonds between hydrophobic tails required to explain their aggregation?,No; the water-entropy contribution is central in the course model.,,
4.32,e251f726191cfa,Hydrophobic effect,保留,,保留独立学习目标；题干明确，答案简短。,Does hydrophobic mean that water and a hydrocarbon have absolutely no interactions?,No; the interactions are less favorable than those available to polar or charged regions.,Does hydrophobic mean that water and a hydrocarbon have absolutely no interactions?,No; the interactions are less favorable than those available to polar or charged regions.
4.33,daee7c77448ecf,Hydrophobic effect,合并,3.36,与目标卡需要的知识相同；合并正反问法、同义定义或重复实例。,Why do phospholipid heads remain exposed to water during assembly?,Their polar or charged groups interact favorably with water.,,
4.34,80cfcb4ba28cfe,Hydrophobic effect,合并,4.18,与目标卡需要的知识相同；合并正反问法、同义定义或重复实例。,Why do tails become buried during assembly?,Burial reduces hydrophobic surface exposed to water.,,
4.35,35904e0d73e7a5,Hydrophobic effect,合并,4.23,与目标卡需要的知识相同；合并正反问法、同义定义或重复实例。,What connects amphipathic structure to the orientation of lipids in a bilayer?,Polar heads favor water contact while nonpolar tails become sheltered inside.,,
4.36,5676a9bca1f215,Hydrophobic effect,重写,,纠正把第二定律等同于仅脂质或仅系统熵增加的说法。,A bilayer forms and the lipids become more ordered. Has the second law necessarily been violated?,No; water and the surroundings must also be included in the entropy accounting.,"At constant T and P, how does a spontaneous process with ΔG < 0 relate to the second law?",The entropy of the system plus surroundings increases; the system alone need not gain entropy.
4.37,c9d83adabeffce,Hydrophobic effect,合并,4.23,与目标卡需要的知识相同；合并正反问法、同义定义或重复实例。,What is the appropriate system for the lecture's lipid-versus-water entropy comparison?,The lipids together with the surrounding water.,,
4.38,f20c7da6097384,Hydrophobic effect,重写,,保留定量求和应用，只留一个同型例题。,"If ΔS_lipids = −20 J/K and ΔS_water = +50 J/K, what is their combined ΔS?",+30 J/K.,Lipids change entropy by −20 J/K and water by +50 J/K. What is their combined change?,+30 J/K: the water’s increase outweighs the lipid decrease.
4.39,d41f6819b67f85,Hydrophobic effect,合并,4.38,与目标卡需要的知识相同；合并正反问法、同义定义或重复实例。,"If ΔS_lipids = −40 J/K and ΔS_water = +15 J/K, does their combined entropy increase?",No; the combined ΔS is −25 J/K.,,
4.40,c706abbbb0b4dc,Hydrophobic effect,合并,4.41,与目标卡需要的知识相同；合并正反问法、同义定义或重复实例。,"If T = 300 K and ΔS = +0.020 kJ/K, what is TΔS?",+6 kJ.,,
4.41,c91e4b83bed467,Hydrophobic effect,重写,,一个完整计算涵盖单位转换、熵项和符号，不拆步骤制造卡。,"If ΔH = +2 kJ and TΔS = +6 kJ, what is ΔG?",−4 kJ; favorable in the stated direction.,"At 300 K, ΔH = +2 kJ and ΔS = +20 J/K. Calculate ΔG.",ΔG = 2 − 300 × 0.020 = −4 kJ; the process is favorable.
4.42,2930757eb6fa95,Hydrophobic effect,合并,4.41,与目标卡需要的知识相同；合并正反问法、同义定义或重复实例。,"If ΔH = +8 kJ and TΔS = +6 kJ, what is ΔG?",+2 kJ; unfavorable in the stated direction.,,
4.43,66b1f2e6911b03,Hydrophobic effect,合并,4.41,与目标卡需要的知识相同；合并正反问法、同义定义或重复实例。,Why must ΔH and TΔS use compatible units before subtraction?,Both terms must be expressed in the same energy units.,,
4.44,64167b51d35e89,Hydrophobic effect,保留,,保留独立学习目标；题干明确，答案简短。,"Assuming ΔH and positive ΔS remain constant, how does increasing T affect ΔG?",It lowers ΔG because −TΔS becomes more negative.,"Assuming ΔH and positive ΔS remain constant, how does increasing T affect ΔG?",It lowers ΔG because −TΔS becomes more negative.
4.45,6b5f392429d739,Hydrophobic effect,合并,4.28,与目标卡需要的知识相同；合并正反问法、同义定义或重复实例。,Does the lecture's hydrophobic-effect model require bilayer formation to release heat?,No; a sufficiently favorable entropy term can outweigh positive ΔH.,,
4.46,d1e0db3a8b7e9d,Hydrophobic effect,合并,4.15,与目标卡需要的知识相同；合并正反问法、同义定义或重复实例。,What would exposing more hydrophobic tail area do to nearby water in the course model?,It would require more water ordering and reduce water entropy.,,
4.47,8d86391a7713d8,Hydrophobic effect,合并,3.47,与目标卡需要的知识相同；合并正反问法、同义定义或重复实例。,Why does a bilayer's exposed edge tend to be unfavorable in water?,"It exposes hydrophobic tails, promoting water ordering around them.",,
4.48,08be3d2ca9292b,Hydrophobic effect,保留,,保留独立学习目标；题干明确，答案简短。,Why is the hydrophobic effect weaker as an explanation if no water is present?,The water-ordering and water-release mechanism no longer applies.,Why is the hydrophobic effect weaker as an explanation if no water is present?,The water-ordering and water-release mechanism no longer applies.
4.49,c7dec36b22b0ea,Hydrophobic effect,保留,,保留独立学习目标；题干明确，答案简短。,Must an aggregate's molecules stay completely motionless for it to be stable?,No; thermodynamic stability is compatible with ongoing molecular motion.,Must an aggregate's molecules stay completely motionless for it to be stable?,No; thermodynamic stability is compatible with ongoing molecular motion.
4.50,6e46179bc67c15,Hydrophobic effect,保留,,保留独立学习目标；题干明确，答案简短。,Is forming a bilayer the same chemical process as synthesizing a phospholipid?,"No; assembly rearranges existing lipids, while synthesis forms covalent linkages.",Is forming a bilayer the same chemical process as synthesizing a phospholipid?,"No; assembly rearranges existing lipids, while synthesis forms covalent linkages."
4.51,38e734e55c5dfc,Hydrophobic effect,合并,4.50,与目标卡需要的知识相同；合并正反问法、同义定义或重复实例。,What changes during esterification that need not change during bilayer assembly?,Covalent bonds change during esterification.,,
4.52,30eb3141674124,Hydrophobic effect,合并,4.23,与目标卡需要的知识相同；合并正反问法、同义定义或重复实例。,"An exam answer says “lipids order, so entropy decreases and assembly cannot occur.” What did it omit?",The entropy increase of water released from exposed hydrophobic surfaces.,,
4.53,4ef9f1435f1128,Hydrophobic effect,合并,4.18,与目标卡需要的知识相同；合并正反问法、同义定义或重复实例。,An exam answer says “ΔG is negative because the tails want to hide.” What mechanism should replace that wording?,Tail burial releases ordered water; the resulting entropy contribution lowers ΔG.,,
4.54,0a61dbd67f5199,Hydrophobic effect,删除,,“水没有消失”是字面误解提醒，无独立考查价值。,"After tails cluster, fewer waters contact them. Does that mean the released water disappears?",No; it returns to the surrounding bulk water.,,
4.55,9fc972ab28a0d6,Hydrophobic effect,合并,4.18,与目标卡需要的知识相同；合并正反问法、同义定义或重复实例。,What is the immediate link between reduced tail exposure and increased water entropy?,Fewer water molecules remain constrained around hydrophobic surfaces.,,
4.56,28a2ed1e521888,Hydrophobic effect,合并,4.23,与目标卡需要的知识相同；合并正反问法、同义定义或重复实例。,Does ΔG < 0 prove that ΔS_lipids > 0?,No; ΔG depends on enthalpy and the entropy change of the full system.,,
4.57,d0868fa7b05417,Hydrophobic effect,合并,4.27,与目标卡需要的知识相同；合并正反问法、同义定义或重复实例。,Which term in ΔG = ΔH − TΔS captures the lecture's main water-release contribution?,"The entropy term, −TΔS.",,
5.1,57c9b507db5313,AXE & parent shapes,保留,,保留独立学习目标；题干明确，答案简短。,What does A represent in AXₓEₑ notation?,The central atom.,What does A represent in AXₓEₑ notation?,The central atom.
5.2,e05f2483802d19,AXE & parent shapes,保留,,保留独立学习目标；题干明确，答案简短。,What does X count in the supplied VSEPR tables?,Atoms attached to the central atom.,What does X count in the supplied VSEPR tables?,Atoms attached to the central atom.
5.3,583488756c3c71,AXE & parent shapes,保留,,保留独立学习目标；题干明确，答案简短。,What does E count in the supplied VSEPR tables?,Lone pairs on the central atom.,What does E count in the supplied VSEPR tables?,Lone pairs on the central atom.
5.4,b916f1f43b4f5e,AXE & parent shapes,重写,,将计数定义改为实际应用。,Which total selects the VSEPR parent shape?,E + X: lone pairs on A plus attached atoms.,A central atom has four bonded atoms and one lone pair. How many electron domains determine its parent geometry?,Five domains (X + E = 4 + 1).
5.5,afb7269632bd58,AXE & parent shapes,保留,,保留独立学习目标；题干明确，答案简短。,Does the molecular shape name include the positions of lone pairs?,No. It describes the attached atoms; lone pairs still influence their arrangement.,Does the molecular shape name include the positions of lone pairs?,No. It describes the attached atoms; lone pairs still influence their arrangement.
5.6,75d7a324c1b3fc,AXE & parent shapes,保留,,保留独立学习目标；题干明确，答案简短。,When do the parent shape and molecular shape have the same name in these tables?,When E = 0: every parent position is occupied by an attached atom.,When do the parent shape and molecular shape have the same name in these tables?,When E = 0: every parent position is occupied by an attached atom.
5.7,0f2f7f393a499a,AXE & parent shapes,合并,6.60,与目标卡需要的知识相同；合并正反问法、同义定义或重复实例。,Why can two molecules with the same parent shape have different molecular shapes?,Different numbers or positions of lone pairs leave different arrangements of attached atoms.,,
5.8,3972079d51ba7a,AXE & parent shapes,保留,,保留独立学习目标；题干明确，答案简短。,"In VSEPR domain counting, is a double bond one region or two around A?",One bonding region; multiple bonds connect A to one attached atom in the table’s X count.,"In VSEPR domain counting, is a double bond one region or two around A?",One bonding region; multiple bonds connect A to one attached atom in the table’s X count.
5.9,a11f2308858a68,AXE & parent shapes,保留,,保留独立学习目标；题干明确，答案简短。,E + X = 2. What is the parent shape?,Linear.,E + X = 2. What is the parent shape?,Linear.
5.10,c2fcc1705478da,AXE & parent shapes,合并,5.9,与目标卡需要的知识相同；合并正反问法、同义定义或重复实例。,What E + X total gives a linear parent shape?,2.,,
5.11,e76c39be64bd83,AXE & parent shapes,保留,,保留独立学习目标；题干明确，答案简短。,E + X = 3. What is the parent shape?,Trigonal planar.,E + X = 3. What is the parent shape?,Trigonal planar.
5.12,cd182b98dfe9f1,AXE & parent shapes,合并,5.11,与目标卡需要的知识相同；合并正反问法、同义定义或重复实例。,What E + X total gives a trigonal planar parent shape?,3.,,
5.13,4c2cf12935ddfc,AXE & parent shapes,保留,,保留独立学习目标；题干明确，答案简短。,E + X = 4. What is the parent shape?,Tetrahedral.,E + X = 4. What is the parent shape?,Tetrahedral.
5.14,b5448cfe0b5837,AXE & parent shapes,合并,5.13,与目标卡需要的知识相同；合并正反问法、同义定义或重复实例。,What E + X total gives a tetrahedral parent shape?,4.,,
5.15,d6d099ad314ee1,AXE & parent shapes,保留,,保留独立学习目标；题干明确，答案简短。,E + X = 5. What is the parent shape?,Trigonal bipyramidal.,E + X = 5. What is the parent shape?,Trigonal bipyramidal.
5.16,05e0f81160b853,AXE & parent shapes,合并,5.15,与目标卡需要的知识相同；合并正反问法、同义定义或重复实例。,What E + X total gives a trigonal bipyramidal parent shape?,5.,,
5.17,d46e4a62f5d08f,AXE & parent shapes,保留,,保留独立学习目标；题干明确，答案简短。,E + X = 6. What is the parent shape?,Octahedral.,E + X = 6. What is the parent shape?,Octahedral.
5.18,2baea7d8665625,AXE & parent shapes,合并,5.17,与目标卡需要的知识相同；合并正反问法、同义定义或重复实例。,What E + X total gives a octahedral parent shape?,6.,,
5.19,1b75f752b6ffcd,AXE & parent shapes,保留,,保留独立学习目标；题干明确，答案简短。,E + X = 7. What is the parent shape?,Pentagonal bipyramidal.,E + X = 7. What is the parent shape?,Pentagonal bipyramidal.
5.20,9de00d0fbae676,AXE & parent shapes,合并,5.19,与目标卡需要的知识相同；合并正反问法、同义定义或重复实例。,What E + X total gives a pentagonal bipyramidal parent shape?,7.,,
5.21,9e322a965d0344,AXE & parent shapes,重写,,合并成单一空间表示比较。,"In a perspective drawing, what does a solid wedge mean?",A bond projecting toward the viewer.,How do solid wedges and dashed wedges differ in a perspective bond drawing?,A solid wedge points toward you; a dashed wedge points away.
5.22,86e9a791d6e86d,AXE & parent shapes,合并,5.21,与目标卡需要的知识相同；合并正反问法、同义定义或重复实例。,"In a perspective drawing, what does a dashed wedge mean?",A bond projecting away from the viewer.,,
5.23,f8fe2e1cf689fc,AXE & parent shapes,合并,5.3,与目标卡需要的知识相同；合并正反问法、同义定义或重复实例。,What do two dots beside A usually represent in these diagrams?,One lone pair on the central atom.,,
5.24,61f5e876c4f3a4,AXE & parent shapes,保留,,保留独立学习目标；题干明确，答案简短。,Does rotating a perspective drawing change the molecular shape?,No. The relative three-dimensional arrangement stays the same.,Does rotating a perspective drawing change the molecular shape?,No. The relative three-dimensional arrangement stays the same.
6.1,64b62aacde008a,Molecular shapes,保留,,保留 AXE→分子形状的预测能力；与第8套的看图识别不同。,AX₂: what is the molecular shape?,Linear.,AX₂: what is the molecular shape?,Linear.
6.2,5636d272f5f885,Molecular shapes,合并,6.1,与目标卡需要的知识相同；合并正反问法、同义定义或重复实例。,AX₂: what is the parent shape?,Linear.,,
6.3,5f7dddda5f2cce,Molecular shapes,删除,,答案已经由题干 AXE 的 E 下标直接给出；删除机械抄写计数题。,AX₂: how many lone pairs are on A?,0.,,
6.4,f2d936e805ef4c,Molecular shapes,合并,6.1,与目标卡需要的知识相同；合并正反问法、同义定义或重复实例。,Linear with a linear parent: what are X and E?,"X = 2, E = 0.",,
6.5,020ef7f4abb936,Molecular shapes,保留,,保留 AXE→分子形状的预测能力；与第8套的看图识别不同。,AX₃: what is the molecular shape?,Trigonal planar.,AX₃: what is the molecular shape?,Trigonal planar.
6.6,205ae2cb44df79,Molecular shapes,合并,6.5,与目标卡需要的知识相同；合并正反问法、同义定义或重复实例。,AX₃: what is the parent shape?,Trigonal planar.,,
6.7,dc6219591e269b,Molecular shapes,删除,,答案已经由题干 AXE 的 E 下标直接给出；删除机械抄写计数题。,AX₃: how many lone pairs are on A?,0.,,
6.8,8700ffd413b446,Molecular shapes,合并,6.5,与目标卡需要的知识相同；合并正反问法、同义定义或重复实例。,Trigonal planar with a trigonal planar parent: what are X and E?,"X = 3, E = 0.",,
6.9,79f2345cc55ae2,Molecular shapes,保留,,保留 AXE→分子形状的预测能力；与第8套的看图识别不同。,AX₂E: what is the molecular shape?,Bent.,AX₂E: what is the molecular shape?,Bent.
6.10,ea2e8503f35917,Molecular shapes,合并,5.11,与目标卡需要的知识相同；合并正反问法、同义定义或重复实例。,AX₂E: what is the parent shape?,Trigonal planar.,,
6.11,427478eecef741,Molecular shapes,删除,,答案已经由题干 AXE 的 E 下标直接给出；删除机械抄写计数题。,AX₂E: how many lone pairs are on A?,1.,,
6.12,2dfd04cd1203e8,Molecular shapes,合并,6.9,与目标卡需要的知识相同；合并正反问法、同义定义或重复实例。,Bent with a trigonal planar parent: what are X and E?,"X = 2, E = 1.",,
6.13,819a1034eb0b5a,Molecular shapes,保留,,保留 AXE→分子形状的预测能力；与第8套的看图识别不同。,AX₄: what is the molecular shape?,Tetrahedral.,AX₄: what is the molecular shape?,Tetrahedral.
6.14,0e998e26d8a214,Molecular shapes,合并,6.13,与目标卡需要的知识相同；合并正反问法、同义定义或重复实例。,AX₄: what is the parent shape?,Tetrahedral.,,
6.15,055c76a4a538de,Molecular shapes,删除,,答案已经由题干 AXE 的 E 下标直接给出；删除机械抄写计数题。,AX₄: how many lone pairs are on A?,0.,,
6.16,e743a99f6fd23f,Molecular shapes,合并,6.13,与目标卡需要的知识相同；合并正反问法、同义定义或重复实例。,Tetrahedral with a tetrahedral parent: what are X and E?,"X = 4, E = 0.",,
6.17,c320594b61273d,Molecular shapes,保留,,保留 AXE→分子形状的预测能力；与第8套的看图识别不同。,AX₃E: what is the molecular shape?,Trigonal pyramidal.,AX₃E: what is the molecular shape?,Trigonal pyramidal.
6.18,0e6717a6879ada,Molecular shapes,合并,5.13,与目标卡需要的知识相同；合并正反问法、同义定义或重复实例。,AX₃E: what is the parent shape?,Tetrahedral.,,
6.19,3f863801561484,Molecular shapes,删除,,答案已经由题干 AXE 的 E 下标直接给出；删除机械抄写计数题。,AX₃E: how many lone pairs are on A?,1.,,
6.20,d96d570cb1a4f3,Molecular shapes,合并,6.17,与目标卡需要的知识相同；合并正反问法、同义定义或重复实例。,Trigonal pyramidal with a tetrahedral parent: what are X and E?,"X = 3, E = 1.",,
6.21,0db02aeca6e65c,Molecular shapes,保留,,保留 AXE→分子形状的预测能力；与第8套的看图识别不同。,AX₂E₂: what is the molecular shape?,Bent.,AX₂E₂: what is the molecular shape?,Bent.
6.22,9b669dbc032bd5,Molecular shapes,合并,5.13,与目标卡需要的知识相同；合并正反问法、同义定义或重复实例。,AX₂E₂: what is the parent shape?,Tetrahedral.,,
6.23,88d594b9035b73,Molecular shapes,删除,,答案已经由题干 AXE 的 E 下标直接给出；删除机械抄写计数题。,AX₂E₂: how many lone pairs are on A?,2.,,
6.24,7aefa3afe1b5fe,Molecular shapes,合并,6.21,与目标卡需要的知识相同；合并正反问法、同义定义或重复实例。,Bent with a tetrahedral parent: what are X and E?,"X = 2, E = 2.",,
6.25,dad2e7786e79a4,Molecular shapes,保留,,保留 AXE→分子形状的预测能力；与第8套的看图识别不同。,AX₅: what is the molecular shape?,Trigonal bipyramidal.,AX₅: what is the molecular shape?,Trigonal bipyramidal.
6.26,988312f7973cfe,Molecular shapes,合并,6.25,与目标卡需要的知识相同；合并正反问法、同义定义或重复实例。,AX₅: what is the parent shape?,Trigonal bipyramidal.,,
6.27,89ee75b0e747f8,Molecular shapes,删除,,答案已经由题干 AXE 的 E 下标直接给出；删除机械抄写计数题。,AX₅: how many lone pairs are on A?,0.,,
6.28,a55b0a1180ca7c,Molecular shapes,合并,6.25,与目标卡需要的知识相同；合并正反问法、同义定义或重复实例。,Trigonal bipyramidal with a trigonal bipyramidal parent: what are X and E?,"X = 5, E = 0.",,
6.29,60b20ffb75e82a,Molecular shapes,保留,,保留 AXE→分子形状的预测能力；与第8套的看图识别不同。,AX₄E: what is the molecular shape?,Seesaw.,AX₄E: what is the molecular shape?,Seesaw.
6.30,bf9136420d0cb7,Molecular shapes,合并,5.15,与目标卡需要的知识相同；合并正反问法、同义定义或重复实例。,AX₄E: what is the parent shape?,Trigonal bipyramidal.,,
6.31,f62a570f9b8dbc,Molecular shapes,删除,,答案已经由题干 AXE 的 E 下标直接给出；删除机械抄写计数题。,AX₄E: how many lone pairs are on A?,1.,,
6.32,14d322af15de9b,Molecular shapes,合并,6.29,与目标卡需要的知识相同；合并正反问法、同义定义或重复实例。,Seesaw with a trigonal bipyramidal parent: what are X and E?,"X = 4, E = 1.",,
6.33,ad0e1ae99c8855,Molecular shapes,保留,,保留 AXE→分子形状的预测能力；与第8套的看图识别不同。,AX₃E₂: what is the molecular shape?,T-shaped.,AX₃E₂: what is the molecular shape?,T-shaped.
6.34,3ea282404f9b73,Molecular shapes,合并,5.15,与目标卡需要的知识相同；合并正反问法、同义定义或重复实例。,AX₃E₂: what is the parent shape?,Trigonal bipyramidal.,,
6.35,a401785fc38739,Molecular shapes,删除,,答案已经由题干 AXE 的 E 下标直接给出；删除机械抄写计数题。,AX₃E₂: how many lone pairs are on A?,2.,,
6.36,794d291ef85bbc,Molecular shapes,合并,6.33,与目标卡需要的知识相同；合并正反问法、同义定义或重复实例。,T-shaped with a trigonal bipyramidal parent: what are X and E?,"X = 3, E = 2.",,
6.37,e60015c37a9c39,Molecular shapes,保留,,保留 AXE→分子形状的预测能力；与第8套的看图识别不同。,AX₂E₃: what is the molecular shape?,Linear.,AX₂E₃: what is the molecular shape?,Linear.
6.38,a8769ba399045d,Molecular shapes,合并,5.15,与目标卡需要的知识相同；合并正反问法、同义定义或重复实例。,AX₂E₃: what is the parent shape?,Trigonal bipyramidal.,,
6.39,34a09271389d0f,Molecular shapes,删除,,答案已经由题干 AXE 的 E 下标直接给出；删除机械抄写计数题。,AX₂E₃: how many lone pairs are on A?,3.,,
6.40,92ca10aaa4cbbb,Molecular shapes,合并,6.37,与目标卡需要的知识相同；合并正反问法、同义定义或重复实例。,Linear with a trigonal bipyramidal parent: what are X and E?,"X = 2, E = 3.",,
6.41,6b9649ff82973a,Molecular shapes,保留,,保留 AXE→分子形状的预测能力；与第8套的看图识别不同。,AX₆: what is the molecular shape?,Octahedral.,AX₆: what is the molecular shape?,Octahedral.
6.42,000e2f3db7f5a9,Molecular shapes,合并,6.41,与目标卡需要的知识相同；合并正反问法、同义定义或重复实例。,AX₆: what is the parent shape?,Octahedral.,,
6.43,a567e3d3ae4f08,Molecular shapes,删除,,答案已经由题干 AXE 的 E 下标直接给出；删除机械抄写计数题。,AX₆: how many lone pairs are on A?,0.,,
6.44,1fabc3e89a339e,Molecular shapes,合并,6.41,与目标卡需要的知识相同；合并正反问法、同义定义或重复实例。,Octahedral with a octahedral parent: what are X and E?,"X = 6, E = 0.",,
6.45,46edc20f9084e6,Molecular shapes,保留,,保留 AXE→分子形状的预测能力；与第8套的看图识别不同。,AX₅E: what is the molecular shape?,Square-based pyramidal.,AX₅E: what is the molecular shape?,Square-based pyramidal.
6.46,69313f3ecd83f2,Molecular shapes,合并,5.17,与目标卡需要的知识相同；合并正反问法、同义定义或重复实例。,AX₅E: what is the parent shape?,Octahedral.,,
6.47,4627582825fa08,Molecular shapes,删除,,答案已经由题干 AXE 的 E 下标直接给出；删除机械抄写计数题。,AX₅E: how many lone pairs are on A?,1.,,
6.48,52e4a6a12fef22,Molecular shapes,合并,6.45,与目标卡需要的知识相同；合并正反问法、同义定义或重复实例。,Square-based pyramidal with a octahedral parent: what are X and E?,"X = 5, E = 1.",,
6.49,1adf715f435473,Molecular shapes,保留,,保留 AXE→分子形状的预测能力；与第8套的看图识别不同。,AX₄E₂: what is the molecular shape?,Square planar.,AX₄E₂: what is the molecular shape?,Square planar.
6.50,83c282ac2b3780,Molecular shapes,合并,5.17,与目标卡需要的知识相同；合并正反问法、同义定义或重复实例。,AX₄E₂: what is the parent shape?,Octahedral.,,
6.51,3e79891276daef,Molecular shapes,删除,,答案已经由题干 AXE 的 E 下标直接给出；删除机械抄写计数题。,AX₄E₂: how many lone pairs are on A?,2.,,
6.52,82b3039d0e5019,Molecular shapes,合并,6.49,与目标卡需要的知识相同；合并正反问法、同义定义或重复实例。,Square planar with a octahedral parent: what are X and E?,"X = 4, E = 2.",,
6.53,786915bf3fa613,Molecular shapes,保留,,保留 AXE→分子形状的预测能力；与第8套的看图识别不同。,AX₇: what is the molecular shape?,Pentagonal bipyramidal.,AX₇: what is the molecular shape?,Pentagonal bipyramidal.
6.54,4be0491a673700,Molecular shapes,合并,6.53,与目标卡需要的知识相同；合并正反问法、同义定义或重复实例。,AX₇: what is the parent shape?,Pentagonal bipyramidal.,,
6.55,caddbf1e3c91ae,Molecular shapes,删除,,答案已经由题干 AXE 的 E 下标直接给出；删除机械抄写计数题。,AX₇: how many lone pairs are on A?,0.,,
6.56,ff80d7000e6314,Molecular shapes,合并,6.53,与目标卡需要的知识相同；合并正反问法、同义定义或重复实例。,Pentagonal bipyramidal with a pentagonal bipyramidal parent: what are X and E?,"X = 7, E = 0.",,
6.57,14ef3618cdaaa0,Molecular shapes,重写,,保留同分子形状、不同电子几何的比较目标。,Which two AXE formulas in your table give a bent molecular shape?,AX₂E and AX₂E₂.,Why does the word “bent” not uniquely specify the parent geometry?,AX₂E is trigonal planar in electron geometry; AX₂E₂ is tetrahedral. Lone pairs count toward the parent shape.
6.58,59fcc019951715,Molecular shapes,合并,6.57,同样考查“分子形状不能唯一确定电子几何”，保留 bent 的一个比较实例即可。,Which two AXE formulas in your table give a linear molecular shape?,AX₂ and AX₂E₃.,,
6.59,5e2453e50614cd,Molecular shapes,保留,,保留独立学习目标；题干明确，答案简短。,Why is AX₄E₂ square planar rather than tetrahedral?,Its six domains have an octahedral parent; two opposite lone pairs leave four atoms in a square.,Why is AX₄E₂ square planar rather than tetrahedral?,Its six domains have an octahedral parent; two opposite lone pairs leave four atoms in a square.
6.60,21f65a98d795b8,Molecular shapes,保留,,保留独立学习目标；题干明确，答案简短。,"A molecule has X = 3. Is that enough to choose between trigonal planar, trigonal pyramidal, and T-shaped?",No. You also need E and therefore the parent shape.,"A molecule has X = 3. Is that enough to choose between trigonal planar, trigonal pyramidal, and T-shaped?",No. You also need E and therefore the parent shape.
6.61,6df15bf9a955cc,Molecular shapes,重写,,将位置记忆升级为排斥作用解释。,"In the trigonal-bipyramidal-derived shapes shown, where are lone pairs placed first?",In equatorial positions.,Why do lone pairs prefer equatorial sites in a trigonal-bipyramidal electron geometry?,An equatorial site has only two 90° interactions; an axial site has three.
7.1,18b0f47b386f21,Bond angles,保留,,保留独立学习目标；题干明确，答案简短。,AX₂: which approximate X–A–X angle(s) are listed in your course table?,180°.,AX₂: which approximate X–A–X angle(s) are listed in your course table?,180°.
7.2,b12b7aab6f3be8,Bond angles,保留,,保留独立学习目标；题干明确，答案简短。,AX₃: which approximate X–A–X angle(s) are listed in your course table?,120°.,AX₃: which approximate X–A–X angle(s) are listed in your course table?,120°.
7.3,9cbafccefb6402,Bond angles,合并,7.2,使用同一亲本理想角度；合并理想数值的复述，实际偏离由 7.24 解释。,AX₂E: which approximate X–A–X angle(s) are listed in your course table?,120°.,,
7.4,676611bcdff1f7,Bond angles,保留,,保留独立学习目标；题干明确，答案简短。,AX₄: which approximate X–A–X angle(s) are listed in your course table?,109.5°.,AX₄: which approximate X–A–X angle(s) are listed in your course table?,109.5°.
7.5,9a26c6dfa1b9ad,Bond angles,合并,7.4,使用同一亲本理想角度；合并理想数值的复述，实际偏离由 7.24 解释。,AX₃E: which approximate X–A–X angle(s) are listed in your course table?,109.5°.,,
7.6,0f46cca6885e96,Bond angles,合并,7.4,使用同一亲本理想角度；合并理想数值的复述，实际偏离由 7.24 解释。,AX₂E₂: which approximate X–A–X angle(s) are listed in your course table?,109.5°.,,
7.7,6a758e2a9eedcb,Bond angles,保留,,保留独立学习目标；题干明确，答案简短。,AX₅: which approximate X–A–X angle(s) are listed in your course table?,"90° (ax–eq), 120° (eq–eq), 180° (ax–ax).",AX₅: which approximate X–A–X angle(s) are listed in your course table?,"90° (ax–eq), 120° (eq–eq), 180° (ax–ax)."
7.8,b7a5db9dfbe4ee,Bond angles,合并,7.7,使用同一亲本理想角度；合并理想数值的复述，实际偏离由 7.24 解释。,AX₄E: which approximate X–A–X angle(s) are listed in your course table?,"90° (ax–eq), 120° (eq–eq), 180° (ax–ax).",,
7.9,038d48f69f7370,Bond angles,保留,,保留独立学习目标；题干明确，答案简短。,AX₃E₂: which approximate X–A–X angle(s) are listed in your course table?,"90° (ax–eq), 180° (ax–ax).",AX₃E₂: which approximate X–A–X angle(s) are listed in your course table?,"90° (ax–eq), 180° (ax–ax)."
7.10,e98b4f8e495cc0,Bond angles,保留,,保留独立学习目标；题干明确，答案简短。,AX₂E₃: which approximate X–A–X angle(s) are listed in your course table?,180° (ax–ax).,AX₂E₃: which approximate X–A–X angle(s) are listed in your course table?,180° (ax–ax).
7.11,6c1a972de2c0a2,Bond angles,保留,,保留独立学习目标；题干明确，答案简短。,AX₆: which approximate X–A–X angle(s) are listed in your course table?,90° and 180°.,AX₆: which approximate X–A–X angle(s) are listed in your course table?,90° and 180°.
7.12,5b623486e17f2a,Bond angles,合并,7.11,使用同一亲本理想角度；合并理想数值的复述，实际偏离由 7.24 解释。,AX₅E: which approximate X–A–X angle(s) are listed in your course table?,90° and 180°.,,
7.13,739475b41afe67,Bond angles,保留,,保留独立学习目标；题干明确，答案简短。,AX₄E₂: which approximate X–A–X angle(s) are listed in your course table?,90° and 180°.,AX₄E₂: which approximate X–A–X angle(s) are listed in your course table?,90° and 180°.
7.14,dfe41e7d8abc8a,Bond angles,重写,,原表只列相邻赤道72°；补非相邻赤道144°，避免“所有角度”答案不全。,AX₇: which approximate X–A–X angle(s) are listed in your course table?,"72° (adjacent eq–eq), 90° (ax–eq), 180° (ax–ax).",What ideal bond angles occur in pentagonal-bipyramidal AX₇?,72° and 144° between equatorial bonds; 90° axial–equatorial; 180° axial–axial.
7.15,1170b9a0d0e9f3,Bond angles,合并,7.7,使用同一亲本理想角度；合并理想数值的复述，实际偏离由 7.24 解释。,What does ax–eq mean in the angle table?,An angle between an axial bond and an equatorial bond.,,
7.16,c5d200a16a7ef1,Bond angles,合并,7.7,使用同一亲本理想角度；合并理想数值的复述，实际偏离由 7.24 解释。,What does eq–eq mean in the angle table?,An angle between two equatorial bonds.,,
7.17,88afd617b96ff0,Bond angles,合并,7.7,使用同一亲本理想角度；合并理想数值的复述，实际偏离由 7.24 解释。,What does ax–ax mean in the angle table?,An angle between the two axial bonds.,,
7.18,7ce382274a9c23,Bond angles,合并,7.7,使用同一亲本理想角度；合并理想数值的复述，实际偏离由 7.24 解释。,"In a trigonal bipyramid, what is the axial–equatorial angle?",90° in the ideal parent geometry.,,
7.19,78e950cbbe9e16,Bond angles,合并,7.7,使用同一亲本理想角度；合并理想数值的复述，实际偏离由 7.24 解释。,"In a trigonal bipyramid, what is the equatorial–equatorial angle?",120° in the ideal parent geometry.,,
7.20,95a273fb9013b2,Bond angles,合并,7.7,使用同一亲本理想角度；合并理想数值的复述，实际偏离由 7.24 解释。,"In a trigonal bipyramid, what is the axial–axial angle?",180° in the ideal parent geometry.,,
7.21,4b76cc29d6e92d,Bond angles,重写,,保留几何推导能力，区别于识别图形或回忆角度。,"For AX₇, what angle separates adjacent equatorial bonds in the supplied table?",72°; five equal sectors divide 360° around the equatorial plane.,Derive the angle between adjacent equatorial bonds in ideal pentagonal-bipyramidal geometry.,360° ÷ 5 = 72° because five equatorial bonds are evenly spaced.
7.22,b1d1052c0df324,Bond angles,合并,7.14,使用同一亲本理想角度；合并理想数值的复述，实际偏离由 7.24 解释。,"For AX₇, what is the axial–equatorial angle in the supplied table?",90°.,,
7.23,7d8acd697c988e,Bond angles,合并,7.24,使用同一亲本理想角度；合并理想数值的复述，实际偏离由 7.24 解释。,Does the table’s 109.5° entry mean every AX₂E₂ molecule has an exact 109.5° angle?,No. It is the table’s approximate parent-shape value; actual angles can be distorted by lone pairs.,,
7.24,0979482637ce90,Bond angles,重写,,合并实际角度与理想值的两个重复提醒，并纠正表格近似值的误读。,Why can lone pairs change actual bond angles from the parent-shape values?,Lone-pair electron density changes repulsions between the domains.,Why should 109.5° not be treated as the exact bond angle of every AX₃E or AX₂E₂ molecule?,109.5° is the ideal tetrahedral domain angle. Lone pairs repel more strongly and usually compress bond angles.
8.1,4fa76a3c0f03f8,Visual recognition,重写,,保留看图辨认；题干不透露 AXE 公式。亲本计入孤对，分子形状只看原子。,"For the AX₂ diagram, identify the molecular shape.",Linear.,Identify the molecular shape in this diagram.,Linear.
8.2,d2749babfadd57,Visual recognition,合并,8.1,图像中考查的几何知识与目标卡相同；零孤对时亲本与分子形状相同，重复亲本实例也合并。,"For the AX₂ diagram, identify the parent shape.",Linear.,,
8.3,af657e52a349cb,Visual recognition,重写,,保留看图辨认；题干不透露 AXE 公式。亲本计入孤对，分子形状只看原子。,"For the AX₃ diagram, identify the molecular shape.",Trigonal planar.,Identify the molecular shape in this diagram.,Trigonal planar.
8.4,d16c7e60f8dc22,Visual recognition,合并,8.3,图像中考查的几何知识与目标卡相同；零孤对时亲本与分子形状相同，重复亲本实例也合并。,"For the AX₃ diagram, identify the parent shape.",Trigonal planar.,,
8.5,56e92477bdc3fc,Visual recognition,重写,,保留看图辨认；题干不透露 AXE 公式。亲本计入孤对，分子形状只看原子。,"For the AX₂E diagram, identify the molecular shape.",Bent.,Identify the molecular shape in this diagram.,Bent.
8.6,5ff80e061efca9,Visual recognition,重写,,保留看图辨认；题干不透露 AXE 公式。亲本计入孤对，分子形状只看原子。,"For the AX₂E diagram, identify the parent shape.",Trigonal planar.,Identify the electron-domain (parent) shape in this diagram.,Trigonal planar.
8.7,8094b8e18d03a6,Visual recognition,重写,,保留看图辨认；题干不透露 AXE 公式。亲本计入孤对，分子形状只看原子。,"For the AX₄ diagram, identify the molecular shape.",Tetrahedral.,Identify the molecular shape in this diagram.,Tetrahedral.
8.8,3a990ef94ff72c,Visual recognition,合并,8.7,图像中考查的几何知识与目标卡相同；零孤对时亲本与分子形状相同，重复亲本实例也合并。,"For the AX₄ diagram, identify the parent shape.",Tetrahedral.,,
8.9,387f3d0c3008e3,Visual recognition,重写,,保留看图辨认；题干不透露 AXE 公式。亲本计入孤对，分子形状只看原子。,"For the AX₃E diagram, identify the molecular shape.",Trigonal pyramidal.,Identify the molecular shape in this diagram.,Trigonal pyramidal.
8.10,551cf30832d63b,Visual recognition,重写,,保留看图辨认；题干不透露 AXE 公式。亲本计入孤对，分子形状只看原子。,"For the AX₃E diagram, identify the parent shape.",Tetrahedral.,Identify the electron-domain (parent) shape in this diagram.,Tetrahedral.
8.11,5d96f0b2711134,Visual recognition,重写,,保留看图辨认；题干不透露 AXE 公式。亲本计入孤对，分子形状只看原子。,"For the AX₂E₂ diagram, identify the molecular shape.",Bent.,Identify the molecular shape in this diagram.,Bent.
8.12,5321bb040a8716,Visual recognition,合并,8.10,图像中考查的几何知识与目标卡相同；零孤对时亲本与分子形状相同，重复亲本实例也合并。,"For the AX₂E₂ diagram, identify the parent shape.",Tetrahedral.,,
8.13,d464dd83ea5549,Visual recognition,重写,,保留看图辨认；题干不透露 AXE 公式。亲本计入孤对，分子形状只看原子。,"For the AX₅ diagram, identify the molecular shape.",Trigonal bipyramidal.,Identify the molecular shape in this diagram.,Trigonal bipyramidal.
8.14,9e7924cb581065,Visual recognition,合并,8.13,图像中考查的几何知识与目标卡相同；零孤对时亲本与分子形状相同，重复亲本实例也合并。,"For the AX₅ diagram, identify the parent shape.",Trigonal bipyramidal.,,
8.15,66158240af85ba,Visual recognition,重写,,保留看图辨认；题干不透露 AXE 公式。亲本计入孤对，分子形状只看原子。,"For the AX₄E diagram, identify the molecular shape.",Seesaw.,Identify the molecular shape in this diagram.,Seesaw.
8.16,9feccd11476ae6,Visual recognition,重写,,保留看图辨认；题干不透露 AXE 公式。亲本计入孤对，分子形状只看原子。,"For the AX₄E diagram, identify the parent shape.",Trigonal bipyramidal.,Identify the electron-domain (parent) shape in this diagram.,Trigonal bipyramidal.
8.17,6f2e613edc6814,Visual recognition,重写,,保留看图辨认；题干不透露 AXE 公式。亲本计入孤对，分子形状只看原子。,"For the AX₃E₂ diagram, identify the molecular shape.",T-shaped.,Identify the molecular shape in this diagram.,T-shaped.
8.18,be6b8080d116da,Visual recognition,合并,8.16,图像中考查的几何知识与目标卡相同；零孤对时亲本与分子形状相同，重复亲本实例也合并。,"For the AX₃E₂ diagram, identify the parent shape.",Trigonal bipyramidal.,,
8.19,f450d9e28fb3c4,Visual recognition,重写,,保留看图辨认；题干不透露 AXE 公式。亲本计入孤对，分子形状只看原子。,"For the AX₂E₃ diagram, identify the molecular shape.",Linear.,Identify the molecular shape in this diagram.,Linear.
8.20,c4b0fc2beb3d22,Visual recognition,合并,8.16,图像中考查的几何知识与目标卡相同；零孤对时亲本与分子形状相同，重复亲本实例也合并。,"For the AX₂E₃ diagram, identify the parent shape.",Trigonal bipyramidal.,,
8.21,35a7c2d0b72f2b,Visual recognition,重写,,保留看图辨认；题干不透露 AXE 公式。亲本计入孤对，分子形状只看原子。,"For the AX₆ diagram, identify the molecular shape.",Octahedral.,Identify the molecular shape in this diagram.,Octahedral.
8.22,fd4316c5db8b2e,Visual recognition,合并,8.21,图像中考查的几何知识与目标卡相同；零孤对时亲本与分子形状相同，重复亲本实例也合并。,"For the AX₆ diagram, identify the parent shape.",Octahedral.,,
8.23,70fcc3a4ae8a75,Visual recognition,重写,,保留看图辨认；题干不透露 AXE 公式。亲本计入孤对，分子形状只看原子。,"For the AX₅E diagram, identify the molecular shape.",Square-based pyramidal.,Identify the molecular shape in this diagram.,Square-based pyramidal.
8.24,9cecbd122a5646,Visual recognition,重写,,保留看图辨认；题干不透露 AXE 公式。亲本计入孤对，分子形状只看原子。,"For the AX₅E diagram, identify the parent shape.",Octahedral.,Identify the electron-domain (parent) shape in this diagram.,Octahedral.
8.25,9dc0bca22bcab9,Visual recognition,重写,,保留看图辨认；题干不透露 AXE 公式。亲本计入孤对，分子形状只看原子。,"For the AX₄E₂ diagram, identify the molecular shape.",Square planar.,Identify the molecular shape in this diagram.,Square planar.
8.26,1b8e2f927b712c,Visual recognition,合并,8.24,图像中考查的几何知识与目标卡相同；零孤对时亲本与分子形状相同，重复亲本实例也合并。,"For the AX₄E₂ diagram, identify the parent shape.",Octahedral.,,
8.27,b9a1422a379f78,Visual recognition,重写,,保留看图辨认；题干不透露 AXE 公式。亲本计入孤对，分子形状只看原子。,"For the AX₇ diagram, identify the molecular shape.",Pentagonal bipyramidal.,Identify the molecular shape in this diagram.,Pentagonal bipyramidal.
8.28,48977d8e6d53b0,Visual recognition,合并,8.27,图像中考查的几何知识与目标卡相同；零孤对时亲本与分子形状相同，重复亲本实例也合并。,"For the AX₇ diagram, identify the parent shape.",Pentagonal bipyramidal.,,
